Workbook

Sheet Fielding (2)
H2: Team A | I2: Team A | J2: Team A | K2: Team A | L2: Team A | M2: Team A | N2: Team A | O2: Team A | P2: Team A
A3: Position | B3: Name | C3: Range/Blocking | D3: Error/Framing | E3: Arm | F3: Turn DP | G3: Games | H3: W | I3: L | J3: Runs scored | K3: Runs allowed | L3: winpct | M3: run score/G | N3: run conc/G | O3: win/162 delta | P3: run/162 delta
A4: SS | B4: Baseline | C4: 60 | D4: 60 | E4: 55 | F4: 50 | G4: 100000 | H4: 50231 | I4: =G4-H4 -> 49769 | J4: 434612 | K4: 433939 | L4: =H4/G4 -> 0.50231 | M4: =J4/G4 -> 4.34612 | N4: =K4/G4 -> 4.33939
A5: SS | B5: Baseline | C5: 60 | D5: 60 | E5: 55 | F5: 50 | G5: 100000 | H5: 50093 | I5: =G5-H5 -> 49907 | J5: 434305 | K5: 433615 | L5: =H5/G5 -> 0.50093 | M5: =J5/G5 -> 4.34305 | N5: =K5/G5 -> 4.33615
A6: SS | B6: Baseline | C6: 60 | D6: 60 | E6: 55 | F6: 50 | G6: 100000 | H6: 50118 | I6: =G6-H6 -> 49882 | J6: 434377 | K6: 434430 | L6: =H6/G6 -> 0.50118 | M6: =J6/G6 -> 4.34377 | N6: =K6/G6 -> 4.3443
A7: SS | B7: Baseline Average | C7: 60 | D7: 60 | E7: 55 | F7: 50 | G7: 100000 | H7: =AVERAGE(H4:H6) -> 50147.333 | I7: =G7-H7 -> 49852.667 | J7: =AVERAGE(J4:J6) -> 434431.33 | K7: =AVERAGE(K4:K6) -> 433994.67 | L7: =H7/G7 -> 0.50147333 | M7: =J7/G7 -> 4.3443133 | N7: =K7/G7 -> 4.3399467 | O7: n/a | P7: n/a
A8: SS | B8: =_xlfn.CONCAT("RNG",C8,"xERR",D8,"xARM",E8,"xTDP",F8) -> RNG40xERR60xARM55xTDP50 | C8: 40 | D8: 60 | E8: 55 | F8: 50 | G8: 100000 | H8: 49543 | I8: =G8-H8 -> 50457 | J8: 434865 | K8: 440217 | L8: =H8/G8 -> 0.49543 | M8: =J8/G8 -> 4.34865 | N8: =K8/G8 -> 4.40217 | O8: =(L8-$L$7)*162 -> -0.97902 | P8: =-(N8-$N$7)*162 -> -10.08018
A9: SS | B9: =_xlfn.CONCAT("RNG",C9,"xERR",D9,"xARM",E9,"xTDP",F9) -> RNG45xERR60xARM55xTDP50 | C9: 45 | D9: 60 | E9: 55 | F9: 50 | G9: 100000 | H9: 49497 | I9: =G9-H9 -> 50503 | J9: 434811 | K9: 438342 | L9: =H9/G9 -> 0.49497 | M9: =J9/G9 -> 4.34811 | N9: =K9/G9 -> 4.38342 | O9: =(L9-$L$7)*162 -> -1.05354 | P9: =-(N9-$N$7)*162 -> -7.04268
A10: SS | B10: =_xlfn.CONCAT("RNG",C10,"xERR",D10,"xARM",E10,"xTDP",F10) -> RNG50xERR60xARM55xTDP50 | C10: 50 | D10: 60 | E10: 55 | F10: 50 | G10: 100000 | H10: 49215 | I10: =G10-H10 -> 50785 | J10: 433536 | K10: 440885 | L10: =H10/G10 -> 0.49215 | M10: =J10/G10 -> 4.33536 | N10: =K10/G10 -> 4.40885 | O10: =(L10-$L$7)*162 -> -1.51038 | P10: =-(N10-$N$7)*162 -> -11.16234
A11: SS | B11: =_xlfn.CONCAT("RNG",C11,"xERR",D11,"xARM",E11,"xTDP",F11) -> RNG55xERR60xARM55xTDP50 | C11: 55 | D11: 60 | E11: 55 | F11: 50 | G11: 100000 | H11: 49146 | I11: =G11-H11 -> 50854 | J11: 435444 | K11: 442064 | L11: =H11/G11 -> 0.49146 | M11: =J11/G11 -> 4.35444 | N11: =K11/G11 -> 4.42064 | O11: =(L11-$L$7)*162 -> -1.62216 | P11: =-(N11-$N$7)*162 -> -13.07232
A12: SS | B12: =_xlfn.CONCAT("RNG",C12,"xERR",D12,"xARM",E12,"xTDP",F12) -> RNG65xERR60xARM55xTDP50 | C12: 65 | D12: 60 | E12: 55 | F12: 50 | G12: 100000 | H12: 51849 | I12: =G12-H12 -> 48151 | J12: 434109 | K12: 416465 | L12: =H12/G12 -> 0.51849 | M12: =J12/G12 -> 4.34109 | N12: =K12/G12 -> 4.16465 | O12: =(L12-$L$7)*162 -> 2.7567 | P12: =-(N12-$N$7)*162 -> 28.39806
A13: SS | B13: =_xlfn.CONCAT("RNG",C13,"xERR",D13,"xARM",E13,"xTDP",F13) -> RNG70xERR60xARM55xTDP50 | C13: 70 | D13: 60 | E13: 55 | F13: 50 | G13: 100000 | H13: 51991 | I13: =G13-H13 -> 48009 | J13: 433680 | K13: 413888 | L13: =H13/G13 -> 0.51991 | M13: =J13/G13 -> 4.3368 | N13: =K13/G13 -> 4.13888 | O13: =(L13-$L$7)*162 -> 2.98674 | P13: =-(N13-$N$7)*162 -> 32.5728
A14: SS | B14: =_xlfn.CONCAT("RNG",C14,"xERR",D14,"xARM",E14,"xTDP",F14) -> RNG75xERR60xARM55xTDP50 | C14: 75 | D14: 60 | E14: 55 | F14: 50 | G14: 100000 | H14: 51814 | I14: =G14-H14 -> 48186 | J14: 431343 | K14: 413087 | L14: =H14/G14 -> 0.51814 | M14: =J14/G14 -> 4.31343 | N14: =K14/G14 -> 4.13087 | O14: =(L14-$L$7)*162 -> 2.7 | P14: =-(N14-$N$7)*162 -> 33.87042
A15: SS | B15: =_xlfn.CONCAT("RNG",C15,"xERR",D15,"xARM",E15,"xTDP",F15) -> RNG60xERR50xARM55xTDP50 | C15: 60 | D15: 50 | E15: 55 | F15: 50 | G15: 100000 | H15: 49866 | I15: =G15-H15 -> 50134 | J15: 434246 | K15: 436547 | L15: =H15/G15 -> 0.49866 | M15: =J15/G15 -> 4.34246 | N15: =K15/G15 -> 4.36547 | O15: =(L15-$L$7)*162 -> -0.45576 | P15: =-(N15-$N$7)*162 -> -4.13478
A16: SS | B16: =_xlfn.CONCAT("RNG",C16,"xERR",D16,"xARM",E16,"xTDP",F16) -> RNG60xERR55xARM55xTDP50 | C16: 60 | D16: 55 | E16: 55 | F16: 50 | G16: 100000 | H16: 49855 | I16: =G16-H16 -> 50145 | J16: 435110 | K16: 436472 | L16: =H16/G16 -> 0.49855 | M16: =J16/G16 -> 4.3511 | N16: =K16/G16 -> 4.36472 | O16: =(L16-$L$7)*162 -> -0.47358 | P16: =-(N16-$N$7)*162 -> -4.01328
A17: SS | B17: =_xlfn.CONCAT("RNG",C17,"xERR",D17,"xARM",E17,"xTDP",F17) -> RNG60xERR65xARM55xTDP50 | C17: 60 | D17: 65 | E17: 55 | F17: 50 | G17: 100000 | H17: 49965 | I17: =G17-H17 -> 50035 | J17: 435041 | K17: 434114 | L17: =H17/G17 -> 0.49965 | M17: =J17/G17 -> 4.35041 | N17: =K17/G17 -> 4.34114 | O17: =(L17-$L$7)*162 -> -0.29538 | P17: =-(N17-$N$7)*162 -> -0.19332
A18: SS | B18: =_xlfn.CONCAT("RNG",C18,"xERR",D18,"xARM",E18,"xTDP",F18) -> RNG60xERR70xARM55xTDP50 | C18: 60 | D18: 70 | E18: 55 | F18: 50 | G18: 100000 | H18: 50584 | I18: =G18-H18 -> 49416 | J18: 435999 | K18: 431954 | L18: =H18/G18 -> 0.50584 | M18: =J18/G18 -> 4.35999 | N18: =K18/G18 -> 4.31954 | O18: =(L18-$L$7)*162 -> 0.7074 | P18: =-(N18-$N$7)*162 -> 3.30588
A19: SS | B19: =_xlfn.CONCAT("RNG",C19,"xERR",D19,"xARM",E19,"xTDP",F19) -> RNG60xERR75xARM55xTDP50 | C19: 60 | D19: 75 | E19: 55 | F19: 50 | G19: 100000 | H19: 50331 | I19: =G19-H19 -> 49669 | J19: 436126 | K19: 432745 | L19: =H19/G19 -> 0.50331 | M19: =J19/G19 -> 4.36126 | N19: =K19/G19 -> 4.32745 | O19: =(L19-$L$7)*162 -> 0.29754 | P19: =-(N19-$N$7)*162 -> 2.02446
... A71: SS | B71: =_xlfn.CONCAT("RNG",C71,"xERR",D71,"xARM",E71,"xTDP",F71) -> RNG70xERR60xARM60xTDP50 | C71: 70 | D71: 60 | E71: 60 | F71: 50 | G71: 100000 | H71: 52140 | I71: =G71-H71 -> 47860 | J71: 434730 | K71: 414048 | L71: =H71/G71 -> 0.5214 | M71: =J71/G71 -> 4.3473 | N71: =K71/G71 -> 4.14048 | O71: =(L71-$L$7)*162 -> 3.22812 | P71: =-(N71-$N$7)*162 -> 32.3136
A72: 1B | B72: Baseline | C72: 35 | D72: 35 | E72: 40 | F72: 40 | G72: 100000 | H72: 50147.333 | I72: 49852.667 | J72: 434431.33 | K72: 433994.67 | L72: 0.50147333 | M72: 4.3443133 | N72: 4.3399467 | O72: n/a | P72: n/a
A73: 1B | B73: =_xlfn.CONCAT("RNG",C73,"xERR",D73,"xARM",E73,"xTDP",F73) -> RNG20xERR35xARM40xTDP40 | C73: 20 | D73: 35 | E73: 40 | F73: 40 | G73: 100000 | H73: 49785 | I73: =G73-H73 -> 50215 | J73: 431980 | K73: 435007 | L73: =H73/G73 -> 0.49785 | M73: =J73/G73 -> 4.3198 | N73: =K73/G73 -> 4.35007 | O73: =(L73-$L$7)*162 -> -0.58698 | P73: =-(N73-$N$7)*162 -> -1.63998
A74: 1B | B74: =_xlfn.CONCAT("RNG",C74,"xERR",D74,"xARM",E74,"xTDP",F74) -> RNG30xERR35xARM40xTDP40 | C74: 30 | D74: 35 | E74: 40 | F74: 40 | G74: 100000 | H74: 49649 | I74: =G74-H74 -> 50351 | J74: 434021 | K74: 436272 | L74: =H74/G74 -> 0.49649 | M74: =J74/G74 -> 4.34021 | N74: =K74/G74 -> 4.36272 | O74: =(L74-$L$7)*162 -> -0.8073 | P74: =-(N74-$N$7)*162 -> -3.68928
A75: 1B | B75: =_xlfn.CONCAT("RNG",C75,"xERR",D75,"xARM",E75,"xTDP",F75) -> RNG40xERR35xARM40xTDP40 | C75: 40 | D75: 35 | E75: 40 | F75: 40 | G75: 100000 | H75: 50370 | I75: =G75-H75 -> 49630 | J75: 435324 | K75: 433571 | L75: =H75/G75 -> 0.5037 | M75: =J75/G75 -> 4.35324 | N75: =K75/G75 -> 4.33571 | O75: =(L75-$L$7)*162 -> 0.36072 | P75: =-(N75-$N$7)*162 -> 0.68634
A76: 1B | B76: =_xlfn.CONCAT("RNG",C76,"xERR",D76,"xARM",E76,"xTDP",F76) -> RNG45xERR35xARM40xTDP40 | C76: 45 | D76: 35 | E76: 40 | F76: 40 | G76: 100000 | H76: 50354 | I76: =G76-H76 -> 49646 | J76: 432861 | K76: 431648 | L76: =H76/G76 -> 0.50354 | M76: =J76/G76 -> 4.32861 | N76: =K76/G76 -> 4.31648 | O76: =(L76-$L$7)*162 -> 0.3348 | P76: =-(N76-$N$7)*162 -> 3.8016
A77: 1B | B77: =_xlfn.CONCAT("RNG",C77,"xERR",D77,"xARM",E77,"xTDP",F77) -> RNG50xERR35xARM40xTDP40 | C77: 50 | D77: 35 | E77: 40 | F77: 40 | G77: 100000 | H77: 50084 | I77: =G77-H77 -> 49916 | J77: 435040 | K77: 433487 | L77: =H77/G77 -> 0.50084 | M77: =J77/G77 -> 4.3504 | N77: =K77/G77 -> 4.33487 | O77: =(L77-$L$7)*162 -> -0.1026 | P77: =-(N77-$N$7)*162 -> 0.82242
A78: 1B | B78: =_xlfn.CONCAT("RNG",C78,"xERR",D78,"xARM",E78,"xTDP",F78) -> RNG35xERR20xARM40xTDP40 | C78: 35 | D78: 20 | E78: 40 | F78: 40 | G78: 100000 | H78: 49809 | I78: =G78-H78 -> 50191 | J78: 433003 | K78: 435255 | L78: =H78/G78 -> 0.49809 | M78: =J78/G78 -> 4.33003 | N78: =K78/G78 -> 4.35255 | O78: =(L78-$L$7)*162 -> -0.5481 | P78: =-(N78-$N$7)*162 -> -2.04174
A79: 1B | B79: =_xlfn.CONCAT("RNG",C79,"xERR",D79,"xARM",E79,"xTDP",F79) -> RNG35xERR30xARM40xTDP40 | C79: 35 | D79: 30 | E79: 40 | F79: 40 | G79: 100000 | H79: 50204 | I79: =G79-H79 -> 49796 | J79: 434831 | K79: 433581 | L79: =H79/G79 -> 0.50204 | M79: =J79/G79 -> 4.34831 | N79: =K79/G79 -> 4.33581 | O79: =(L79-$L$7)*162 -> 0.0918 | P79: =-(N79-$N$7)*162 -> 0.67014
A80: 1B | B80: =_xlfn.CONCAT("RNG",C80,"xERR",D80,"xARM",E80,"xTDP",F80) -> RNG35xERR40xARM40xTDP40 | C80: 35 | D80: 40 | E80: 40 | F80: 40 | G80: 100000 | H80: 50104 | I80: =G80-H80 -> 49896 | J80: 433688 | K80: 433280 | L80: =H80/G80 -> 0.50104 | M80: =J80/G80 -> 4.33688 | N80: =K80/G80 -> 4.3328 | O80: =(L80-$L$7)*162 -> -0.0702 | P80: =-(N80-$N$7)*162 -> 1.15776
A81: 1B | B81: =_xlfn.CONCAT("RNG",C81,"xERR",D81,"xARM",E81,"xTDP",F81) -> RNG35xERR50xARM40xTDP40 | C81: 35 | D81: 50 | E81: 40 | F81: 40 | G81: 100000 | H81: 50127 | I81: =G81-H81 -> 49873 | J81: 434898 | K81: 435363 | L81: =H81/G81 -> 0.50127 | M81: =J81/G81 -> 4.34898 | N81: =K81/G81 -> 4.35363 | O81: =(L81-$L$7)*162 -> -0.03294 | P81: =-(N81-$N$7)*162 -> -2.2167
A82: 1B | B82: =_xlfn.CONCAT("RNG",C82,"xERR",D82,"xARM",E82,"xTDP",F82) -> RNG35xERR60xARM40xTDP40 | C82: 35 | D82: 60 | E82: 40 | F82: 40 | G82: 100000 | H82: 49836 | I82: =G82-H82 -> 50164 | J82: 434831 | K82: 435131 | L82: =H82/G82 -> 0.49836 | M82: =J82/G82 -> 4.34831 | N82: =K82/G82 -> 4.35131 | O82: =(L82-$L$7)*162 -> -0.50436 | P82: =-(N82-$N$7)*162 -> -1.84086
A83: 1B | B83: =_xlfn.CONCAT("RNG",C83,"xERR",D83,"xARM",E83,"xTDP",F83) -> RNG40xERR40xARM40xTDP40 | C83: 40 | D83: 40 | E83: 40 | F83: 40 | G83: 100000 | H83: 50112 | I83: =G83-H83 -> 49888 | J83: 434556 | K83: 433551 | L83: =H83/G83 -> 0.50112 | M83: =J83/G83 -> 4.34556 | N83: =K83/G83 -> 4.33551 | O83: =(L83-$L$7)*162 -> -0.05724 | P83: =-(N83-$N$7)*162 -> 0.71874
A84: 1B | B84: =_xlfn.CONCAT("RNG",C84,"xERR",D84,"xARM",E84,"xTDP",F84) -> RNG50xERR50xARM50xTDP50 | C84: 50 | D84: 50 | E84: 50 | F84: 50 | G84: 100000 | H84: 50163 | I84: =G84-H84 -> 49837 | J84: 433538 | K84: 431491 | L84: =H84/G84 -> 0.50163 | M84: =J84/G84 -> 4.33538 | N84: =K84/G84 -> 4.31491 | O84: =(L84-$L$7)*162 -> 0.02538 | P84: =-(N84-$N$7)*162 -> 4.05594
A85: 2B | B85: Baseline | C85: 50 | D85: 55 | E85: 50 | F85: 55 | G85: 100000 | H85: 50147.333 | I85: 49852.667 | J85: 434431.33 | K85: 433994.67 | L85: 0.50147333 | M85: 4.3443133 | N85: 4.3399467 | O85: n/a | P85: n/a
A86: 2B | B86: =_xlfn.CONCAT("RNG",C86,"xERR",D86,"xARM",E86,"xTDP",F86) -> RNG40xERR55xARM50xTDP55 | C86: 40 | D86: 55 | E86: 50 | F86: 55 | G86: 100000 | H86: 49985 | I86: =G86-H86 -> 50015 | J86: 435642 | K86: 436419 | L86: =H86/G86 -> 0.49985 | M86: =J86/G86 -> 4.35642 | N86: =K86/G86 -> 4.36419 | O86: =(L86-$L$7)*162 -> -0.26298 | P86: =-(N86-$N$7)*162 -> -3.92742
A87: 2B | B87: =_xlfn.CONCAT("RNG",C87,"xERR",D87,"xARM",E87,"xTDP",F87) -> RNG55xERR55xARM50xTDP55 | C87: 55 | D87: 55 | E87: 50 | F87: 55 | G87: 100000 | H87: 51016 | I87: =G87-H87 -> 48984 | J87: 435847 | K87: 426798 | L87: =H87/G87 -> 0.51016 | M87: =J87/G87 -> 4.35847 | N87: =K87/G87 -> 4.26798 | O87: =(L87-$L$7)*162 -> 1.40724 | P87: =-(N87-$N$7)*162 -> 11.6586
A88: 2B | B88: =_xlfn.CONCAT("RNG",C88,"xERR",D88,"xARM",E88,"xTDP",F88) -> RNG60xERR55xARM50xTDP55 | C88: 60 | D88: 55 | E88: 50 | F88: 55 | G88: 100000 | H88: 50816 | I88: =G88-H88 -> 49184 | J88: 434030 | K88: 426670 | L88: =H88/G88 -> 0.50816 | M88: =J88/G88 -> 4.3403 | N88: =K88/G88 -> 4.2667 | O88: =(L88-$L$7)*162 -> 1.08324 | P88: =-(N88-$N$7)*162 -> 11.86596
A89: 2B | B89: =_xlfn.CONCAT("RNG",C89,"xERR",D89,"xARM",E89,"xTDP",F89) -> RNG65xERR55xARM50xTDP55 | C89: 65 | D89: 55 | E89: 50 | F89: 55 | G89: 100000 | H89: 51001 | I89: =G89-H89 -> 48999 | J89: 433625 | K89: 425328 | L89: =H89/G89 -> 0.51001 | M89: =J89/G89 -> 4.33625 | N89: =K89/G89 -> 4.25328 | O89: =(L89-$L$7)*162 -> 1.38294 | P89: =-(N89-$N$7)*162 -> 14.04
A90: 2B | B90: =_xlfn.CONCAT("RNG",C90,"xERR",D90,"xARM",E90,"xTDP",F90) -> RNG70xERR55xARM50xTDP55 | C90: 70 | D90: 55 | E90: 50 | F90: 55 | G90: 100000 | H90: 50811 | I90: =G90-H90 -> 49189 | J90: 433670 | K90: 425315 | L90: =H90/G90 -> 0.50811 | M90: =J90/G90 -> 4.3367 | N90: =K90/G90 -> 4.25315 | O90: =(L90-$L$7)*162 -> 1.07514 | P90: =-(N90-$N$7)*162 -> 14.06106
A91: 2B | B91: =_xlfn.CONCAT("RNG",C91,"xERR",D91,"xARM",E91,"xTDP",F91) -> RNG75xERR55xARM50xTDP55 | C91: 75 | D91: 55 | E91: 50 | F91: 55 | G91: 100000 | H91: 50715 | I91: =G91-H91 -> 49285 | J91: 434090 | K91: 425781 | L91: =H91/G91 -> 0.50715 | M91: =J91/G91 -> 4.3409 | N91: =K91/G91 -> 4.25781 | O91: =(L91-$L$7)*162 -> 0.91962 | P91: =-(N91-$N$7)*162 -> 13.30614
A92: 2B | B92: =_xlfn.CONCAT("RNG",C92,"xERR",D92,"xARM",E92,"xTDP",F92) -> RNG50xERR40xARM50xTDP55 | C92: 50 | D92: 40 | E92: 50 | F92: 55 | G92: 100000 | H92: 49945 | I92: =G92-H92 -> 50055 | J92: 433834 | K92: 436366 | L92: =H92/G92 -> 0.49945 | M92: =J92/G92 -> 4.33834 | N92: =K92/G92 -> 4.36366 | O92: =(L92-$L$7)*162 -> -0.32778 | P92: =-(N92-$N$7)*162 -> -3.84156
A93: 2B | B93: =_xlfn.CONCAT("RNG",C93,"xERR",D93,"xARM",E93,"xTDP",F93) -> RNG50xERR50xARM50xTDP55 | C93: 50 | D93: 50 | E93: 50 | F93: 55 | G93: 100000 | H93: 49931 | I93: =G93-H93 -> 50069 | J93: 435582 | K93: 435999 | L93: =H93/G93 -> 0.49931 | M93: =J93/G93 -> 4.35582 | N93: =K93/G93 -> 4.35999 | O93: =(L93-$L$7)*162 -> -0.35046 | P93: =-(N93-$N$7)*162 -> -3.24702
A94: 2B | B94: =_xlfn.CONCAT("RNG",C94,"xERR",D94,"xARM",E94,"xTDP",F94) -> RNG50xERR60xARM50xTDP55 | C94: 50 | D94: 60 | E94: 50 | F94: 55 | G94: 100000 | H94: 49874 | I94: =G94-H94 -> 50126 | J94: 434162 | K94: 436235 | L94: =H94/G94 -> 0.49874 | M94: =J94/G94 -> 4.34162 | N94: =K94/G94 -> 4.36235 | O94: =(L94-$L$7)*162 -> -0.4428 | P94: =-(N94-$N$7)*162 -> -3.62934
A95: 2B | B95: =_xlfn.CONCAT("RNG",C95,"xERR",D95,"xARM",E95,"xTDP",F95) -> RNG50xERR70xARM50xTDP55 | C95: 50 | D95: 70 | E95: 50 | F95: 55 | G95: 100000 | H95: 49733 | I95: =G95-H95 -> 50267 | J95: 432856 | K95: 434752 | L95: =H95/G95 -> 0.49733 | M95: =J95/G95 -> 4.32856 | N95: =K95/G95 -> 4.34752 | O95: =(L95-$L$7)*162 -> -0.67122 | P95: =-(N95-$N$7)*162 -> -1.22688
A96: 2B | B96: =_xlfn.CONCAT("RNG",C96,"xERR",D96,"xARM",E96,"xTDP",F96) -> RNG50xERR55xARM40xTDP55 | C96: 50 | D96: 55 | E96: 40 | F96: 55 | G96: 100000 | H96: 49943 | I96: =G96-H96 -> 50057 | J96: 435261 | K96: 437070 | L96: =H96/G96 -> 0.49943 | M96: =J96/G96 -> 4.35261 | N96: =K96/G96 -> 4.3707 | O96: =(L96-$L$7)*162 -> -0.33102 | P96: =-(N96-$N$7)*162 -> -4.98204
A97: 2B | B97: =_xlfn.CONCAT("RNG",C97,"xERR",D97,"xARM",E97,"xTDP",F97) -> RNG50xERR55xARM55xTDP55 | C97: 50 | D97: 55 | E97: 55 | F97: 55 | G97: 100000 | H97: 50094 | I97: =G97-H97 -> 49906 | J97: 434436 | K97: 433397 | L97: =H97/G97 -> 0.50094 | M97: =J97/G97 -> 4.34436 | N97: =K97/G97 -> 4.33397 | O97: =(L97-$L$7)*162 -> -0.0864 | P97: =-(N97-$N$7)*162 -> 0.96822
... A129: 2B | B129: =_xlfn.CONCAT("RNG",C129,"xERR",D129,"xARM",E129,"xTDP",F129) -> RNG50xERR55xARM40xTDP40 | C129: 50 | D129: 55 | E129: 40 | F129: 40 | G129: 100000 | H129: 49410 | I129: =G129-H129 -> 50590 | J129: 434086 | K129: 441178 | L129: =H129/G129 -> 0.4941 | M129: =J129/G129 -> 4.34086 | N129: =K129/G129 -> 4.41178 | O129: =(L129-$L$7)*162 -> -1.19448 | P129: =-(N129-$N$7)*162 -> -11.637
A130: 3B | B130: Baseline | C130: 55 | D130: 55 | E130: 55 | F130: 50 | G130: 100000 | H130: 50147.333 | I130: 49852.667 | J130: 434431.33 | K130: 433994.67 | L130: 0.50147333 | M130: 4.3443133 | N130: 4.3399467 | O130: n/a | P130: n/a
A131: 3B | B131: =_xlfn.CONCAT("RNG",C131,"xERR",D131,"xARM",E131,"xTDP",F131) -> RNG40xERR55xARM55xTDP50 | C131: 40 | D131: 55 | E131: 55 | F131: 50 | G131: 100000 | H131: 49841 | I131: =G131-H131 -> 50159 | J131: 434378 | K131: 437341 | L131: =H131/G131 -> 0.49841 | M131: =J131/G131 -> 4.34378 | N131: =K131/G131 -> 4.37341 | O131: =(L131-$L$7)*162 -> -0.49626 | P131: =-(N131-$N$7)*162 -> -5.42106
A132: 3B | B132: =_xlfn.CONCAT("RNG",C132,"xERR",D132,"xARM",E132,"xTDP",F132) -> RNG50xERR55xARM55xTDP50 | C132: 50 | D132: 55 | E132: 55 | F132: 50 | G132: 100000 | H132: 49723 | I132: =G132-H132 -> 50277 | J132: 434068 | K132: 437661 | L132: =H132/G132 -> 0.49723 | M132: =J132/G132 -> 4.34068 | N132: =K132/G132 -> 4.37661 | O132: =(L132-$L$7)*162 -> -0.68742 | P132: =-(N132-$N$7)*162 -> -5.93946
A133: 3B | B133: =_xlfn.CONCAT("RNG",C133,"xERR",D133,"xARM",E133,"xTDP",F133) -> RNG60xERR55xARM55xTDP50 | C133: 60 | D133: 55 | E133: 55 | F133: 50 | G133: 100000 | H133: 50509 | I133: =G133-H133 -> 49491 | J133: 433168 | K133: 429013 | L133: =H133/G133 -> 0.50509 | M133: =J133/G133 -> 4.33168 | N133: =K133/G133 -> 4.29013 | O133: =(L133-$L$7)*162 -> 0.5859 | P133: =-(N133-$N$7)*162 -> 8.0703
A134: 3B | B134: =_xlfn.CONCAT("RNG",C134,"xERR",D134,"xARM",E134,"xTDP",F134) -> RNG70xERR55xARM55xTDP50 | C134: 70 | D134: 55 | E134: 55 | F134: 50 | G134: 100000 | H134: 50958 | I134: =G134-H134 -> 49042 | J134: 434045 | K134: 425640 | L134: =H134/G134 -> 0.50958 | M134: =J134/G134 -> 4.34045 | N134: =K134/G134 -> 4.2564 | O134: =(L134-$L$7)*162 -> 1.31328 | P134: =-(N134-$N$7)*162 -> 13.53456
A135: 3B | B135: =_xlfn.CONCAT("RNG",C135,"xERR",D135,"xARM",E135,"xTDP",F135) -> RNG75xERR55xARM55xTDP50 | C135: 75 | D135: 55 | E135: 55 | F135: 50 | G135: 100000 | H135: 50857 | I135: =G135-H135 -> 49143 | J135: 433144 | K135: 425103 | L135: =H135/G135 -> 0.50857 | M135: =J135/G135 -> 4.33144 | N135: =K135/G135 -> 4.25103 | O135: =(L135-$L$7)*162 -> 1.14966 | P135: =-(N135-$N$7)*162 -> 14.4045
A136: 3B | B136: =_xlfn.CONCAT("RNG",C136,"xERR",D136,"xARM",E136,"xTDP",F136) -> RNG55xERR40xARM55xTDP50 | C136: 55 | D136: 40 | E136: 55 | F136: 50 | G136: 100000 | H136: 50006 | I136: =G136-H136 -> 49994 | J136: 435390 | K136: 436298 | L136: =H136/G136 -> 0.50006 | M136: =J136/G136 -> 4.3539 | N136: =K136/G136 -> 4.36298 | O136: =(L136-$L$7)*162 -> -0.22896 | P136: =-(N136-$N$7)*162 -> -3.7314
A137: 3B | B137: =_xlfn.CONCAT("RNG",C137,"xERR",D137,"xARM",E137,"xTDP",F137) -> RNG55xERR50xARM55xTDP50 | C137: 55 | D137: 50 | E137: 55 | F137: 50 | G137: 100000 | H137: 49615 | I137: =G137-H137 -> 50385 | J137: 434774 | K137: 436915 | L137: =H137/G137 -> 0.49615 | M137: =J137/G137 -> 4.34774 | N137: =K137/G137 -> 4.36915 | O137: =(L137-$L$7)*162 -> -0.86238 | P137: =-(N137-$N$7)*162 -> -4.73094
A138: 3B | B138: =_xlfn.CONCAT("RNG",C138,"xERR",D138,"xARM",E138,"xTDP",F138) -> RNG55xERR60xARM55xTDP50 | C138: 55 | D138: 60 | E138: 55 | F138: 50 | G138: 100000 | H138: 49770 | I138: =G138-H138 -> 50230 | J138: 432854 | K138: 435141 | L138: =H138/G138 -> 0.4977 | M138: =J138/G138 -> 4.32854 | N138: =K138/G138 -> 4.35141 | O138: =(L138-$L$7)*162 -> -0.61128 | P138: =-(N138-$N$7)*162 -> -1.85706
A139: 3B | B139: =_xlfn.CONCAT("RNG",C139,"xERR",D139,"xARM",E139,"xTDP",F139) -> RNG55xERR65xARM55xTDP50 | C139: 55 | D139: 65 | E139: 55 | F139: 50 | G139: 100000 | H139: 50310 | I139: =G139-H139 -> 49690 | J139: 435536 | K139: 433651 | L139: =H139/G139 -> 0.5031 | M139: =J139/G139 -> 4.35536 | N139: =K139/G139 -> 4.33651 | O139: =(L139-$L$7)*162 -> 0.26352 | P139: =-(N139-$N$7)*162 -> 0.55674
A140: 3B | B140: =_xlfn.CONCAT("RNG",C140,"xERR",D140,"xARM",E140,"xTDP",F140) -> RNG55xERR70xARM55xTDP50 | C140: 55 | D140: 70 | E140: 55 | F140: 50 | G140: 100000 | H140: 50119 | I140: =G140-H140 -> 49881 | J140: 434527 | K140: 432703 | L140: =H140/G140 -> 0.50119 | M140: =J140/G140 -> 4.34527 | N140: =K140/G140 -> 4.32703 | O140: =(L140-$L$7)*162 -> -0.0459 | P140: =-(N140-$N$7)*162 -> 2.0925
A141: 3B | B141: =_xlfn.CONCAT("RNG",C141,"xERR",D141,"xARM",E141,"xTDP",F141) -> RNG55xERR75xARM55xTDP50 | C141: 55 | D141: 75 | E141: 55 | F141: 50 | G141: 100000 | H141: 50350 | I141: =G141-H141 -> 49650 | J141: 433341 | K141: 431901 | L141: =H141/G141 -> 0.5035 | M141: =J141/G141 -> 4.33341 | N141: =K141/G141 -> 4.31901 | O141: =(L141-$L$7)*162 -> 0.32832 | P141: =-(N141-$N$7)*162 -> 3.39174
A142: 3B | B142: =_xlfn.CONCAT("RNG",C142,"xERR",D142,"xARM",E142,"xTDP",F142) -> RNG55xERR55xARM40xTDP50 | C142: 55 | D142: 55 | E142: 40 | F142: 50 | G142: 100000 | H142: 49638 | I142: =G142-H142 -> 50362 | J142: 436075 | K142: 440118 | L142: =H142/G142 -> 0.49638 | M142: =J142/G142 -> 4.36075 | N142: =K142/G142 -> 4.40118 | O142: =(L142-$L$7)*162 -> -0.82512 | P142: =-(N142-$N$7)*162 -> -9.9198
... A155: 3B | B155: =_xlfn.CONCAT("RNG",C155,"xERR",D155,"xARM",E155,"xTDP",F155) -> RNG60xERR55xARM60xTDP50 | C155: 60 | D155: 55 | E155: 60 | F155: 50 | G155: 100000 | H155: 51105 | I155: =G155-H155 -> 48895 | J155: 435662 | K155: 425966 | L155: =H155/G155 -> 0.51105 | M155: =J155/G155 -> 4.35662 | N155: =K155/G155 -> 4.25966 | O155: =(L155-$L$7)*162 -> 1.55142 | P155: =-(N155-$N$7)*162 -> 13.00644
A156: CF | B156: Baseline | C156: 60 | D156: 60 | E156: 55 | F156: N/A | G156: 100000 | H156: 50147.333 | I156: 49852.667 | J156: 434431.33 | K156: 433994.67 | L156: 0.50147333 | M156: 4.3443133 | N156: 4.3399467 | O156: n/a | P156: n/a
A157: CF | B157: =_xlfn.CONCAT("RNG",C157,"xERR",D157,"xARM",E157) -> RNG40xERR60xARM55 | C157: 40 | D157: 60 | E157: 55 | F157: N/A | G157: 100000 | H157: 49240 | I157: =G157-H157 -> 50760 | J157: 436311 | K157: 442782 | L157: =H157/G157 -> 0.4924 | M157: =J157/G157 -> 4.36311 | N157: =K157/G157 -> 4.42782 | O157: =(L157-$L$7)*162 -> -1.46988 | P157: =-(N157-$N$7)*162 -> -14.23548
A158: CF | B158: =_xlfn.CONCAT("RNG",C158,"xERR",D158,"xARM",E158) -> RNG50xERR60xARM55 | C158: 50 | D158: 60 | E158: 55 | F158: N/A | G158: 100000 | H158: 49164 | I158: =G158-H158 -> 50836 | J158: 434298 | K158: 441701 | L158: =H158/G158 -> 0.49164 | M158: =J158/G158 -> 4.34298 | N158: =K158/G158 -> 4.41701 | O158: =(L158-$L$7)*162 -> -1.593 | P158: =-(N158-$N$7)*162 -> -12.48426
A159: CF | B159: =_xlfn.CONCAT("RNG",C159,"xERR",D159,"xARM",E159) -> RNG70xERR60xARM55 | C159: 70 | D159: 60 | E159: 55 | F159: N/A | G159: 100000 | H159: 51998 | I159: =G159-H159 -> 48002 | J159: 434059 | K159: 414492 | L159: =H159/G159 -> 0.51998 | M159: =J159/G159 -> 4.34059 | N159: =K159/G159 -> 4.14492 | O159: =(L159-$L$7)*162 -> 2.99808 | P159: =-(N159-$N$7)*162 -> 31.59432
A160: CF | B160: =_xlfn.CONCAT("RNG",C160,"xERR",D160,"xARM",E160) -> RNG75xERR60xARM55 | C160: 75 | D160: 60 | E160: 55 | F160: N/A | G160: 100000 | H160: 51946 | I160: =G160-H160 -> 48054 | J160: 434488 | K160: 414520 | L160: =H160/G160 -> 0.51946 | M160: =J160/G160 -> 4.34488 | N160: =K160/G160 -> 4.1452 | O160: =(L160-$L$7)*162 -> 2.91384 | P160: =-(N160-$N$7)*162 -> 31.54896
A161: CF | B161: =_xlfn.CONCAT("RNG",C161,"xERR",D161,"xARM",E161) -> RNG60xERR40xARM55 | C161: 60 | D161: 40 | E161: 55 | F161: N/A | G161: 100000 | H161: 49934 | I161: =G161-H161 -> 50066 | J161: 434665 | K161: 436368 | L161: =H161/G161 -> 0.49934 | M161: =J161/G161 -> 4.34665 | N161: =K161/G161 -> 4.36368 | O161: =(L161-$L$7)*162 -> -0.3456 | P161: =-(N161-$N$7)*162 -> -3.8448
A162: CF | B162: =_xlfn.CONCAT("RNG",C162,"xERR",D162,"xARM",E162) -> RNG60xERR50xARM55 | C162: 60 | D162: 50 | E162: 55 | F162: N/A | G162: 100000 | H162: 50079 | I162: =G162-H162 -> 49921 | J162: 433588 | K162: 433833 | L162: =H162/G162 -> 0.50079 | M162: =J162/G162 -> 4.33588 | N162: =K162/G162 -> 4.33833 | O162: =(L162-$L$7)*162 -> -0.1107 | P162: =-(N162-$N$7)*162 -> 0.2619
A163: CF | B163: =_xlfn.CONCAT("RNG",C163,"xERR",D163,"xARM",E163) -> RNG60xERR70xARM55 | C163: 60 | D163: 70 | E163: 55 | F163: N/A | G163: 100000 | H163: 50054 | I163: =G163-H163 -> 49946 | J163: 434073 | K163: 433812 | L163: =H163/G163 -> 0.50054 | M163: =J163/G163 -> 4.34073 | N163: =K163/G163 -> 4.33812 | O163: =(L163-$L$7)*162 -> -0.1512 | P163: =-(N163-$N$7)*162 -> 0.29592
A164: CF | B164: =_xlfn.CONCAT("RNG",C164,"xERR",D164,"xARM",E164) -> RNG60xERR75xARM55 | C164: 60 | D164: 75 | E164: 55 | F164: N/A | G164: 100000 | H164: 49858 | I164: =G164-H164 -> 50142 | J164: 433851 | K164: 434401 | L164: =H164/G164 -> 0.49858 | M164: =J164/G164 -> 4.33851 | N164: =K164/G164 -> 4.34401 | O164: =(L164-$L$7)*162 -> -0.46872 | P164: =-(N164-$N$7)*162 -> -0.65826
A165: CF | B165: =_xlfn.CONCAT("RNG",C165,"xERR",D165,"xARM",E165) -> RNG60xERR60xARM40 | C165: 60 | D165: 60 | E165: 40 | F165: N/A | G165: 100000 | H165: 49466 | I165: =G165-H165 -> 50534 | J165: 434354 | K165: 439010 | L165: =H165/G165 -> 0.49466 | M165: =J165/G165 -> 4.34354 | N165: =K165/G165 -> 4.3901 | O165: =(L165-$L$7)*162 -> -1.10376 | P165: =-(N165-$N$7)*162 -> -8.12484
A166: CF | B166: =_xlfn.CONCAT("RNG",C166,"xERR",D166,"xARM",E166) -> RNG60xERR60xARM50 | C166: 60 | D166: 60 | E166: 50 | F166: N/A | G166: 100000 | H166: 49648 | I166: =G166-H166 -> 50352 | J166: 432906 | K166: 437551 | L166: =H166/G166 -> 0.49648 | M166: =J166/G166 -> 4.32906 | N166: =K166/G166 -> 4.37551 | O166: =(L166-$L$7)*162 -> -0.80892 | P166: =-(N166-$N$7)*162 -> -5.76126
A167: CF | B167: =_xlfn.CONCAT("RNG",C167,"xERR",D167,"xARM",E167) -> RNG60xERR60xARM70 | C167: 60 | D167: 60 | E167: 70 | F167: N/A | G167: 100000 | H167: 50116 | I167: =G167-H167 -> 49884 | J167: 432836 | K167: 430887 | L167: =H167/G167 -> 0.50116 | M167: =J167/G167 -> 4.32836 | N167: =K167/G167 -> 4.30887 | O167: =(L167-$L$7)*162 -> -0.05076 | P167: =-(N167-$N$7)*162 -> 5.03442
A168: CF | B168: =_xlfn.CONCAT("RNG",C168,"xERR",D168,"xARM",E168) -> RNG60xERR60xARM75 | C168: 60 | D168: 60 | E168: 75 | F168: N/A | G168: 100000 | H168: 50526 | I168: =G168-H168 -> 49474 | J168: 435065 | K168: 431023 | L168: =H168/G168 -> 0.50526 | M168: =J168/G168 -> 4.35065 | N168: =K168/G168 -> 4.31023 | O168: =(L168-$L$7)*162 -> 0.61344 | P168: =-(N168-$N$7)*162 -> 4.8141
... A172: CF | B172: =_xlfn.CONCAT("RNG",C172,"xERR",D172,"xARM",E172) -> RNG50xERR60xARM70 | C172: 50 | D172: 60 | E172: 70 | F172: N/A | G172: 100000 | H172: 49573 | I172: =G172-H172 -> 50427 | J172: 434356 | K172: 438610 | L172: =H172/G172 -> 0.49573 | M172: =J172/G172 -> 4.34356 | N172: =K172/G172 -> 4.3861 | O172: =(L172-$L$7)*162 -> -0.93042 | P172: =-(N172-$N$7)*162 -> -7.47684
A173: CF-Systematic | B173: Baseline | C173: 60 | D173: 60 | E173: 55 | F173: N/A | G173: 100000 | H173: 50147.333 | I173: 49852.667 | J173: 434431.33 | K173: 433994.67 | L173: 0.50147333 | M173: 4.3443133 | N173: 4.3399467 | O173: n/a | P173: n/a
A174: CF-Systematic | B174: =_xlfn.CONCAT("RNG",C174,"xERR",D174,"xARM",E174) -> RNG40xERR40xARM40 | C174: 40 | D174: 40 | E174: 40 | F174: N/A | G174: 100000 | H174: 48935 | I174: =G174-H174 -> 51065 | J174: 435128 | K174: 445453 | L174: =H174/G174 -> 0.48935 | M174: =J174/G174 -> 4.35128 | N174: =K174/G174 -> 4.45453 | O174: =(L174-$L$7)*162 -> -1.96398 | P174: =-(N174-$N$7)*162 -> -18.5625
A175: CF-Systematic | B175: =_xlfn.CONCAT("RNG",C175,"xERR",D175,"xARM",E175) -> RNG60xERR40xARM40 | C175: 60 | D175: 40 | E175: 40 | F175: N/A | G175: 100000 | H175: 49691 | I175: =G175-H175 -> 50309 | J175: 434691 | K175: 438308 | L175: =H175/G175 -> 0.49691 | M175: =J175/G175 -> 4.34691 | N175: =K175/G175 -> 4.38308 | O175: =(L175-$L$7)*162 -> -0.73926 | P175: =-(N175-$N$7)*162 -> -6.9876
A176: CF-Systematic | B176: =_xlfn.CONCAT("RNG",C176,"xERR",D176,"xARM",E176) -> RNG80xERR40xARM40 | C176: 80 | D176: 40 | E176: 40 | F176: N/A | G176: 100000 | H176: 51617 | I176: =G176-H176 -> 48383 | J176: 434021 | K176: 419853 | L176: =H176/G176 -> 0.51617 | M176: =J176/G176 -> 4.34021 | N176: =K176/G176 -> 4.19853 | O176: =(L176-$L$7)*162 -> 2.38086 | P176: =-(N176-$N$7)*162 -> 22.9095
A177: CF-Systematic | B177: =_xlfn.CONCAT("RNG",C177,"xERR",D177,"xARM",E177) -> RNG40xERR60xARM40 | C177: 40 | D177: 60 | E177: 40 | F177: N/A | G177: 100000 | H177: 48798 | I177: =G177-H177 -> 51202 | J177: 435332 | K177: 446327 | L177: =H177/G177 -> 0.48798 | M177: =J177/G177 -> 4.35332 | N177: =K177/G177 -> 4.46327 | O177: =(L177-$L$7)*162 -> -2.18592 | P177: =-(N177-$N$7)*162 -> -19.97838
A178: CF-Systematic | B178: =_xlfn.CONCAT("RNG",C178,"xERR",D178,"xARM",E178) -> RNG60xERR60xARM40 | C178: 60 | D178: 60 | E178: 40 | F178: N/A | G178: 100000 | H178: 49466 | I178: =G178-H178 -> 50534 | J178: 434354 | K178: 439010 | L178: =H178/G178 -> 0.49466 | M178: =J178/G178 -> 4.34354 | N178: =K178/G178 -> 4.3901 | O178: =(L178-$L$7)*162 -> -1.10376 | P178: =-(N178-$N$7)*162 -> -8.12484
A179: CF-Systematic | B179: =_xlfn.CONCAT("RNG",C179,"xERR",D179,"xARM",E179) -> RNG80xERR60xARM40 | C179: 80 | D179: 60 | E179: 40 | F179: N/A | G179: 100000 | H179: 51830 | I179: =G179-H179 -> 48170 | J179: 434927 | K179: 418159 | L179: =H179/G179 -> 0.5183 | M179: =J179/G179 -> 4.34927 | N179: =K179/G179 -> 4.18159 | O179: =(L179-$L$7)*162 -> 2.72592 | P179: =-(N179-$N$7)*162 -> 25.65378
A180: CF-Systematic | B180: =_xlfn.CONCAT("RNG",C180,"xERR",D180,"xARM",E180) -> RNG40xERR80xARM40 | C180: 40 | D180: 80 | E180: 40 | F180: N/A | G180: 100000 | H180: 48860 | I180: =G180-H180 -> 51140 | J180: 433532 | K180: 445510 | L180: =H180/G180 -> 0.4886 | M180: =J180/G180 -> 4.33532 | N180: =K180/G180 -> 4.4551 | O180: =(L180-$L$7)*162 -> -2.08548 | P180: =-(N180-$N$7)*162 -> -18.65484
A181: CF-Systematic | B181: =_xlfn.CONCAT("RNG",C181,"xERR",D181,"xARM",E181) -> RNG60xERR80xARM40 | C181: 60 | D181: 80 | E181: 40 | F181: N/A | G181: 100000 | H181: 49129 | I181: =G181-H181 -> 50871 | J181: 432970 | K181: 438561 | L181: =H181/G181 -> 0.49129 | M181: =J181/G181 -> 4.3297 | N181: =K181/G181 -> 4.38561 | O181: =(L181-$L$7)*162 -> -1.6497 | P181: =-(N181-$N$7)*162 -> -7.39746
A182: CF-Systematic | B182: =_xlfn.CONCAT("RNG",C182,"xERR",D182,"xARM",E182) -> RNG80xERR80xARM40 | C182: 80 | D182: 80 | E182: 40 | F182: N/A | G182: 100000 | H182: 51661 | I182: =G182-H182 -> 48339 | J182: 433564 | K182: 417240 | L182: =H182/G182 -> 0.51661 | M182: =J182/G182 -> 4.33564 | N182: =K182/G182 -> 4.1724 | O182: =(L182-$L$7)*162 -> 2.45214 | P182: =-(N182-$N$7)*162 -> 27.14256
A183: CF-Systematic | B183: =_xlfn.CONCAT("RNG",C183,"xERR",D183,"xARM",E183) -> RNG40xERR40xARM60 | C183: 40 | D183: 40 | E183: 60 | F183: N/A | G183: 100000 | H183: 49084 | I183: =G183-H183 -> 50916 | J183: 432599 | K183: 441520 | L183: =H183/G183 -> 0.49084 | M183: =J183/G183 -> 4.32599 | N183: =K183/G183 -> 4.4152 | O183: =(L183-$L$7)*162 -> -1.7226 | P183: =-(N183-$N$7)*162 -> -12.19104
A184: CF-Systematic | B184: =_xlfn.CONCAT("RNG",C184,"xERR",D184,"xARM",E184) -> RNG60xERR40xARM60 | C184: 60 | D184: 40 | E184: 60 | F184: N/A | G184: 100000 | H184: 49982 | I184: =G184-H184 -> 50018 | J184: 434504 | K184: 436250 | L184: =H184/G184 -> 0.49982 | M184: =J184/G184 -> 4.34504 | N184: =K184/G184 -> 4.3625 | O184: =(L184-$L$7)*162 -> -0.26784 | P184: =-(N184-$N$7)*162 -> -3.65364
A185: CF-Systematic | B185: =_xlfn.CONCAT("RNG",C185,"xERR",D185,"xARM",E185) -> RNG80xERR40xARM60 | C185: 80 | D185: 40 | E185: 60 | F185: N/A | G185: 100000 | H185: 51830 | I185: =G185-H185 -> 48170 | J185: 433203 | K185: 415472 | L185: =H185/G185 -> 0.5183 | M185: =J185/G185 -> 4.33203 | N185: =K185/G185 -> 4.15472 | O185: =(L185-$L$7)*162 -> 2.72592 | P185: =-(N185-$N$7)*162 -> 30.00672
... A209: CF-Systematic | B209: =_xlfn.CONCAT("RNG",C209,"xERR",D209,"xARM",E209) -> RNG55xERR60xARM60 | C209: 55 | D209: 60 | E209: 60 | F209: N/A | G209: 100000 | H209: 49451 | I209: =G209-H209 -> 50549 | J209: 434265 | K209: 440136 | L209: =H209/G209 -> 0.49451 | M209: =J209/G209 -> 4.34265 | N209: =K209/G209 -> 4.40136 | O209: =(L209-$L$7)*162 -> -1.12806 | P209: =-(N209-$N$7)*162 -> -9.94896
A210: LF-Systematic | B210: Baseline | C210: 50 | D210: 45 | E210: 50 | F210: N/A | G210: 100000 | H210: 50147.333 | I210: 49852.667 | J210: 434431.33 | K210: 433994.67 | L210: 0.50147333 | M210: 4.3443133 | N210: 4.3399467 | O210: n/a | P210: n/a
A211: LF-Systematic | B211: =_xlfn.CONCAT("RNG",C211,"xERR",D211,"xARM",E211) -> RNG40xERR40xARM40 | C211: 40 | D211: 40 | E211: 40 | F211: N/A | G211: 100000 | H211: 49373 | I211: =G211-H211 -> 50627 | J211: 435057 | K211: 443397 | L211: =H211/G211 -> 0.49373 | M211: =J211/G211 -> 4.35057 | N211: =K211/G211 -> 4.43397 | O211: =(L211-$L$7)*162 -> -1.25442 | P211: =-(N211-$N$7)*162 -> -15.23178
A212: LF-Systematic | B212: =_xlfn.CONCAT("RNG",C212,"xERR",D212,"xARM",E212) -> RNG60xERR40xARM40 | C212: 60 | D212: 40 | E212: 40 | F212: N/A | G212: 100000 | H212: 50864 | I212: =G212-H212 -> 49136 | J212: 433383 | K212: 424960 | L212: =H212/G212 -> 0.50864 | M212: =J212/G212 -> 4.33383 | N212: =K212/G212 -> 4.2496 | O212: =(L212-$L$7)*162 -> 1.161 | P212: =-(N212-$N$7)*162 -> 14.63616
A213: LF-Systematic | B213: =_xlfn.CONCAT("RNG",C213,"xERR",D213,"xARM",E213) -> RNG80xERR40xARM40 | C213: 80 | D213: 40 | E213: 40 | F213: N/A | G213: 100000 | H213: 50907 | I213: =G213-H213 -> 49093 | J213: 432717 | K213: 424402 | L213: =H213/G213 -> 0.50907 | M213: =J213/G213 -> 4.32717 | N213: =K213/G213 -> 4.24402 | O213: =(L213-$L$7)*162 -> 1.23066 | P213: =-(N213-$N$7)*162 -> 15.54012
A214: LF-Systematic | B214: =_xlfn.CONCAT("RNG",C214,"xERR",D214,"xARM",E214) -> RNG40xERR60xARM40 | C214: 40 | D214: 60 | E214: 40 | F214: N/A | G214: 100000 | H214: 49376 | I214: =G214-H214 -> 50624 | J214: 434144 | K214: 440559 | L214: =H214/G214 -> 0.49376 | M214: =J214/G214 -> 4.34144 | N214: =K214/G214 -> 4.40559 | O214: =(L214-$L$7)*162 -> -1.24956 | P214: =-(N214-$N$7)*162 -> -10.63422
A215: LF-Systematic | B215: =_xlfn.CONCAT("RNG",C215,"xERR",D215,"xARM",E215) -> RNG60xERR60xARM40 | C215: 60 | D215: 60 | E215: 40 | F215: N/A | G215: 100000 | H215: 51167 | I215: =G215-H215 -> 48833 | J215: 435363 | K215: 424113 | L215: =H215/G215 -> 0.51167 | M215: =J215/G215 -> 4.35363 | N215: =K215/G215 -> 4.24113 | O215: =(L215-$L$7)*162 -> 1.65186 | P215: =-(N215-$N$7)*162 -> 16.0083
A216: LF-Systematic | B216: =_xlfn.CONCAT("RNG",C216,"xERR",D216,"xARM",E216) -> RNG80xERR60xARM40 | C216: 80 | D216: 60 | E216: 40 | F216: N/A | G216: 100000 | H216: 51024 | I216: =G216-H216 -> 48976 | J216: 434083 | K216: 424462 | L216: =H216/G216 -> 0.51024 | M216: =J216/G216 -> 4.34083 | N216: =K216/G216 -> 4.24462 | O216: =(L216-$L$7)*162 -> 1.4202 | P216: =-(N216-$N$7)*162 -> 15.44292
A217: LF-Systematic | B217: =_xlfn.CONCAT("RNG",C217,"xERR",D217,"xARM",E217) -> RNG40xERR80xARM40 | C217: 40 | D217: 80 | E217: 40 | F217: N/A | G217: 100000 | H217: 49182 | I217: =G217-H217 -> 50818 | J217: 433590 | K217: 441486 | L217: =H217/G217 -> 0.49182 | M217: =J217/G217 -> 4.3359 | N217: =K217/G217 -> 4.41486 | O217: =(L217-$L$7)*162 -> -1.56384 | P217: =-(N217-$N$7)*162 -> -12.13596
A218: LF-Systematic | B218: =_xlfn.CONCAT("RNG",C218,"xERR",D218,"xARM",E218) -> RNG60xERR80xARM40 | C218: 60 | D218: 80 | E218: 40 | F218: N/A | G218: 100000 | H218: 50907 | I218: =G218-H218 -> 49093 | J218: 433786 | K218: 423917 | L218: =H218/G218 -> 0.50907 | M218: =J218/G218 -> 4.33786 | N218: =K218/G218 -> 4.23917 | O218: =(L218-$L$7)*162 -> 1.23066 | P218: =-(N218-$N$7)*162 -> 16.32582
A219: LF-Systematic | B219: =_xlfn.CONCAT("RNG",C219,"xERR",D219,"xARM",E219) -> RNG80xERR80xARM40 | C219: 80 | D219: 80 | E219: 40 | F219: N/A | G219: 100000 | H219: 51178 | I219: =G219-H219 -> 48822 | J219: 434132 | K219: 424415 | L219: =H219/G219 -> 0.51178 | M219: =J219/G219 -> 4.34132 | N219: =K219/G219 -> 4.24415 | O219: =(L219-$L$7)*162 -> 1.66968 | P219: =-(N219-$N$7)*162 -> 15.51906
A220: LF-Systematic | B220: =_xlfn.CONCAT("RNG",C220,"xERR",D220,"xARM",E220) -> RNG40xERR40xARM60 | C220: 40 | D220: 40 | E220: 60 | F220: N/A | G220: 100000 | H220: 49744 | I220: =G220-H220 -> 50256 | J220: 435760 | K220: 440004 | L220: =H220/G220 -> 0.49744 | M220: =J220/G220 -> 4.3576 | N220: =K220/G220 -> 4.40004 | O220: =(L220-$L$7)*162 -> -0.6534 | P220: =-(N220-$N$7)*162 -> -9.73512
A221: LF-Systematic | B221: =_xlfn.CONCAT("RNG",C221,"xERR",D221,"xARM",E221) -> RNG60xERR40xARM60 | C221: 60 | D221: 40 | E221: 60 | F221: N/A | G221: 100000 | H221: 51349 | I221: =G221-H221 -> 48651 | J221: 433148 | K221: 421780 | L221: =H221/G221 -> 0.51349 | M221: =J221/G221 -> 4.33148 | N221: =K221/G221 -> 4.2178 | O221: =(L221-$L$7)*162 -> 1.9467 | P221: =-(N221-$N$7)*162 -> 19.78776
...

Sheet Calculator
C1: 1B% | D1: 2B% | E1: 3B% | F1: HR% | G1: BB% | H1: K% | I1: GO+FO% | J1: IBB+HBP%
A2: AVK | C2: =IFERROR(_xlfn.XLOOKUP($B2,Hitters!$A$4:$A$70,Hitters!AS$4:AS$70),1) -> 1 | D2: =IFERROR(_xlfn.XLOOKUP($B2,Hitters!$A$4:$A$70,Hitters!AT$4:AT$70),1) -> 1 | E2: =IFERROR(_xlfn.XLOOKUP($B2,Hitters!$A$4:$A$70,Hitters!AU$4:AU$70),1) -> 1 | F2: =IFERROR(_xlfn.XLOOKUP($B2,Hitters!$A$4:$A$70,Hitters!AV$4:AV$70),1) -> 1 | G2: =IFERROR(_xlfn.XLOOKUP($B2,Hitters!$A$4:$A$70,Hitters!AW$4:AW$70),1) -> 1 | H2: =IFERROR(_xlfn.XLOOKUP($B2,Hitters!$A$4:$A$70,Hitters!AX$4:AX$70),1) -> 1 | I2: =IFERROR(_xlfn.XLOOKUP($B2,Hitters!$A$4:$A$70,Hitters!AY$4:AY$70),1) -> 1 | J2: 0
A3: BABIP | C3: =IFERROR(_xlfn.XLOOKUP($B3,Hitters!$A$4:$A$70,Hitters!AS$4:AS$70),1) -> 1 | D3: =IFERROR(_xlfn.XLOOKUP($B3,Hitters!$A$4:$A$70,Hitters!AT$4:AT$70),1) -> 1 | E3: =IFERROR(_xlfn.XLOOKUP($B3,Hitters!$A$4:$A$70,Hitters!AU$4:AU$70),1) -> 1 | F3: =IFERROR(_xlfn.XLOOKUP($B3,Hitters!$A$4:$A$70,Hitters!AV$4:AV$70),1) -> 1 | G3: =IFERROR(_xlfn.XLOOKUP($B3,Hitters!$A$4:$A$70,Hitters!AW$4:AW$70),1) -> 1 | H3: =IFERROR(_xlfn.XLOOKUP($B3,Hitters!$A$4:$A$70,Hitters!AX$4:AX$70),1) -> 1 | I3: =IFERROR(_xlfn.XLOOKUP($B3,Hitters!$A$4:$A$70,Hitters!AY$4:AY$70),1) -> 1 | J3: 0
A4: GAP | C4: =IFERROR(_xlfn.XLOOKUP($B4,Hitters!$A$4:$A$70,Hitters!AS$4:AS$70),1) -> 1 | D4: =IFERROR(_xlfn.XLOOKUP($B4,Hitters!$A$4:$A$70,Hitters!AT$4:AT$70),1) -> 1 | E4: =IFERROR(_xlfn.XLOOKUP($B4,Hitters!$A$4:$A$70,Hitters!AU$4:AU$70),1) -> 1 | F4: =IFERROR(_xlfn.XLOOKUP($B4,Hitters!$A$4:$A$70,Hitters!AV$4:AV$70),1) -> 1 | G4: =IFERROR(_xlfn.XLOOKUP($B4,Hitters!$A$4:$A$70,Hitters!AW$4:AW$70),1) -> 1 | H4: =IFERROR(_xlfn.XLOOKUP($B4,Hitters!$A$4:$A$70,Hitters!AX$4:AX$70),1) -> 1 | I4: =IFERROR(_xlfn.XLOOKUP($B4,Hitters!$A$4:$A$70,Hitters!AY$4:AY$70),1) -> 1 | J4: 0
A5: POW | C5: =IFERROR(_xlfn.XLOOKUP($B5,Hitters!$A$4:$A$70,Hitters!AS$4:AS$70),1) -> 1 | D5: =IFERROR(_xlfn.XLOOKUP($B5,Hitters!$A$4:$A$70,Hitters!AT$4:AT$70),1) -> 1 | E5: =IFERROR(_xlfn.XLOOKUP($B5,Hitters!$A$4:$A$70,Hitters!AU$4:AU$70),1) -> 1 | F5: =IFERROR(_xlfn.XLOOKUP($B5,Hitters!$A$4:$A$70,Hitters!AV$4:AV$70),1) -> 1 | G5: =IFERROR(_xlfn.XLOOKUP($B5,Hitters!$A$4:$A$70,Hitters!AW$4:AW$70),1) -> 1 | H5: =IFERROR(_xlfn.XLOOKUP($B5,Hitters!$A$4:$A$70,Hitters!AX$4:AX$70),1) -> 1 | I5: =IFERROR(_xlfn.XLOOKUP($B5,Hitters!$A$4:$A$70,Hitters!AY$4:AY$70),1) -> 1 | J5: 0
A6: EYE | C6: =IFERROR(_xlfn.XLOOKUP($B6,Hitters!$A$4:$A$70,Hitters!AS$4:AS$70),1) -> 1 | D6: =IFERROR(_xlfn.XLOOKUP($B6,Hitters!$A$4:$A$70,Hitters!AT$4:AT$70),1) -> 1 | E6: =IFERROR(_xlfn.XLOOKUP($B6,Hitters!$A$4:$A$70,Hitters!AU$4:AU$70),1) -> 1 | F6: =IFERROR(_xlfn.XLOOKUP($B6,Hitters!$A$4:$A$70,Hitters!AV$4:AV$70),1) -> 1 | G6: =IFERROR(_xlfn.XLOOKUP($B6,Hitters!$A$4:$A$70,Hitters!AW$4:AW$70),1) -> 1 | H6: =IFERROR(_xlfn.XLOOKUP($B6,Hitters!$A$4:$A$70,Hitters!AX$4:AX$70),1) -> 1 | I6: =IFERROR(_xlfn.XLOOKUP($B6,Hitters!$A$4:$A$70,Hitters!AY$4:AY$70),1) -> 1 | J6: 0
A7: Estimate | C7: =Hitters!AI$7*PRODUCT(C2:C6) -> 0.1572441 | D7: =Hitters!AJ$7*PRODUCT(D2:D6) -> 0.04812209 | E7: =Hitters!AK$7*PRODUCT(E2:E6) -> 0.003798916 | F7: =Hitters!AL$7*PRODUCT(F2:F6) -> 0.026301987 | G7: =Hitters!AM$7*PRODUCT(G2:G6) -> 0.073762937 | H7: =Hitters!AN$7*PRODUCT(H2:H6) -> 0.21167768 | I7: =Hitters!AO$7*PRODUCT(I2:I6) -> 0.45909229 | J7: 0.02
A8: Normalized | C8: =C7/SUM($C$7:$I$7)*0.98 -> 0.1572441 | D8: =D7/SUM($C$7:$I$7)*0.98 -> 0.04812209 | E8: =E7/SUM($C$7:$I$7)*0.98 -> 0.003798916 | F8: =F7/SUM($C$7:$I$7)*0.98 -> 0.026301987 | G8: =G7/SUM($C$7:$I$7)*0.98 -> 0.073762937 | H8: =H7/SUM($C$7:$I$7)*0.98 -> 0.21167768 | I8: =I7/SUM($C$7:$I$7)*0.98 -> 0.45909229 | J8: 0.02
A11: wOBA estimate | C11: =SUMPRODUCT(C7:H7,Hitters!AI1:AN1) -> 0.31151558
A12: WAA estimate | C12: =B14+(B15*C11) -> -0.086165856
A14: Intercept | B14: -14.02807
A15: X Variable 1 | B15: 44.755077

Sheet Hitters
AH1: WOBA weights | AI1: 0.9 | AJ1: 1.24 | AK1: 1.56 | AL1: 1.95 | AM1: 0.72
AC2: Team A | AD2: Team A | AE2: Team A | AF2: Team A | AG2: Team B | AH2: calc | AS2: Deltas | BB2: =STANDARDIZE(BB3,AVERAGE($BB$3:$BC$3,$BE$3:$BH$3),_xlfn.STDEV.P($BB$3:$BC$3,$BE$3:$BH$3)) -> -0.024373264 | BC2: =STANDARDIZE(BC3,AVERAGE($BB$3:$BC$3,$BE$3:$BH$3),_xlfn.STDEV.P($BB$3:$BC$3,$BE$3:$BH$3)) -> -0.25880708 | BE2: =STANDARDIZE(BE3,AVERAGE($BB$3:$BC$3,$BE$3:$BH$3),_xlfn.STDEV.P($BB$3:$BC$3,$BE$3:$BH$3)) -> 2.074318 | BF2: =STANDARDIZE(BF3,AVERAGE($BB$3:$BC$3,$BE$3:$BH$3),_xlfn.STDEV.P($BB$3:$BC$3,$BE$3:$BH$3)) -> 0.0095199581 | BG2: =STANDARDIZE(BG3,AVERAGE($BB$3:$BC$3,$BE$3:$BH$3),_xlfn.STDEV.P($BB$3:$BC$3,$BE$3:$BH$3)) -> -0.96496368 | BH2: =STANDARDIZE(BH3,AVERAGE($BB$3:$BC$3,$BE$3:$BH$3),_xlfn.STDEV.P($BB$3:$BC$3,$BE$3:$BH$3)) -> -0.8356939
A3: Name ▾ | B3: AvK | C3: BABIP | D3: Gap | E3: Power | F3: Eye | G3: Speed | H3: G | I3: W | J3: L | K3: Runs Scored | L3: Runs Allowed | M3: AB | N3: R | O3: H | P3: 2B | Q3: 3B | R3: HR | S3: RBI | T3: TB | U3: BB | V3: K | W3: SB | X3: CS | Y3: AVG | Z3: OBP | AA3: SLG | AB3: OPS | AC3: winpct | AD3: runs/G | AE3: win/162 delta | AF3: runs/162 delta | AG3: opp runs/G | AH3: PA | AI3: 1B% | AJ3: 2B% | AK3: 3B% | AL3: HR% | AM3: BB% | AN3: K% | AO3: GO+FO% | AP3: batR | AQ3: predicted wAA | AR3: wOBA | AS3: 1B% | AT3: 2B% | AU3: 3B% | AV3: HR% | AW3: BB% | AX3: K% | AY3: GO+FO% | BA3: 3137.4905 | BB3: -3014.1466 | BC3: -3103.0406 | BD3: 0 | BE3: -2218.353 | BF3: -3001.2948 | BG3: -3370.805 | BH3: -3321.7878
A4: Baseline 1 | B4: 50 | C4: 50 | D4: 50 | E4: 50 | F4: 50 | G4: 50 | H4: 100000 | I4: 50143 | J4: =H4-I4 -> 49857 | K4: 437889 | L4: 435152 | M4: 414165 | N4: 53378 | O4: 107676 | P4: 22094 | Q4: 1717 | R4: 11972 | S4: 44590 | T4: 169120 | U4: 33743 | V4: 96472 | W4: 3267 | X4: 2630 | Y4: 0.26 | Z4: 0.316 | AA4: 0.408 | AB4: 0.725 | AC4: =I4/H4 -> 0.50143 | AD4: =K4/H4 -> 4.37889 | AE4: n/a | AF4: n/a | AG4: =L4/H4 -> 4.35152 | AH4: =ROUND((M4+U4)*1.02,0) -> 456866 | AI4: =(O4-SUM(P4:R4))/$AH4 -> 0.15736124 | AJ4: =P4/$AH4 -> 0.048359913 | AK4: =Q4/$AH4 -> 0.0037582136 | AL4: =R4/$AH4 -> 0.02620462 | AM4: =U4/$AH4 -> 0.073857542 | AN4: =V4/$AH4 -> 0.21116038 | AO4: =1-SUM(AI4:AN4)-0.02 -> 0.45929809 | AR4: =SUMPRODUCT($AI$1:$AN$1,AI4:AN4) -> 0.31173066 | BA4: 0.27013526 | BB4: 0.097061319
A5: Baseline 2 | B5: 50 | C5: 50 | D5: 50 | E5: 50 | F5: 50 | G5: 50 | H5: 100000 | I5: 49981 | J5: =H5-I5 -> 50019 | K5: 437442 | L5: 436120 | M5: 414391 | N5: 52857 | O5: 107503 | P5: 21721 | Q5: 1753 | R5: 12048 | S5: 44566 | T5: 168874 | U5: 33526 | V5: 96560 | W5: 3281 | X5: 2746 | Y5: 0.259 | Z5: 0.316 | AA5: 0.408 | AB5: 0.723 | AC5: =I5/H5 -> 0.49981 | AD5: =K5/H5 -> 4.37442 | AE5: n/a | AF5: n/a | AG5: =L5/H5 -> 4.3612 | AH5: =ROUND((M5+U5)*1.02,0) -> 456875 | AI5: =(O5-SUM(P5:R5))/$AH5 -> 0.15755075 | AJ5: =P5/$AH5 -> 0.047542544 | AK5: =Q5/$AH5 -> 0.0038369357 | AL5: =R5/$AH5 -> 0.026370451 | AM5: =U5/$AH5 -> 0.073381122 | AN5: =V5/$AH5 -> 0.21134884 | AO5: =1-SUM(AI5:AN5)-0.02 -> 0.45996936 | AR5: =SUMPRODUCT($AI$1:$AN$1,AI5:AN5) -> 0.31099084
A6: Baseline 3 | B6: 50 | C6: 50 | D6: 50 | E6: 50 | F6: 50 | G6: 50 | H6: 100000 | I6: 50064 | J6: =H6-I6 -> 49936 | K6: 437105 | L6: 436245 | M6: 413881 | N6: 53300 | O6: 107503 | P6: 22131 | Q6: 1736 | R6: 12024 | S6: 44747 | T6: 169178 | U6: 33815 | V6: 97049 | W6: 3221 | X6: 2613 | Y6: 0.26 | Z6: 0.316 | AA6: 0.409 | AB6: 0.725 | AC6: =I6/H6 -> 0.50064 | AD6: =K6/H6 -> 4.37105 | AE6: n/a | AF6: n/a | AG6: =L6/H6 -> 4.36245 | AH6: =ROUND((M6+U6)*1.02,0) -> 456650 | AI6: =(O6-SUM(P6:R6))/$AH6 -> 0.15682032 | AJ6: =P6/$AH6 -> 0.048463813 | AK6: =Q6/$AH6 -> 0.0038015986 | AL6: =R6/$AH6 -> 0.026330888 | AM6: =U6/$AH6 -> 0.074050148 | AN6: =V6/$AH6 -> 0.21252381 | AO6: =1-SUM(AI6:AN6)-0.02 -> 0.45800942 | AR6: =SUMPRODUCT($AI$1:$AN$1,AI6:AN6) -> 0.31182525
A7: Baseline Average | B7: 50 | C7: 50 | D7: 50 | E7: 50 | F7: 50 | G7: 50 | H7: =AVERAGE(H4:H6) -> 100000 | I7: =AVERAGE(I4:I6) -> 50062.667 | J7: =H7-I7 -> 49937.333 | K7: =AVERAGE(K4:K6) -> 437478.67 | L7: =AVERAGE(L4:L6) -> 435839 | M7: =AVERAGE(M4:M6) -> 414145.67 | N7: =AVERAGE(N4:N6) -> 53178.333 | O7: =AVERAGE(O4:O6) -> 107560.67 | P7: =AVERAGE(P4:P6) -> 21982 | Q7: =AVERAGE(Q4:Q6) -> 1735.3333 | R7: =AVERAGE(R4:R6) -> 12014.667 | ... AB7: =AVERAGE(AB4:AB6) -> 0.72433333 | AC7: =I7/H7 -> 0.50062667 | AD7: =K7/H7 -> 4.3747867 | AE7: n/a | AF7: n/a | AG7: =AVERAGE(AG4:AG6) -> 4.35839 | AH7: =AVERAGE(AH4:AH6) -> 456797 | AI7: =AVERAGE(AI4:AI6) -> 0.1572441 | AJ7: =AVERAGE(AJ4:AJ6) -> 0.04812209 | AK7: =AVERAGE(AK4:AK6) -> 0.003798916 | AL7: =AVERAGE(AL4:AL6) -> 0.026301987 | AM7: =AVERAGE(AM4:AM6) -> 0.073762937 | AN7: =AVERAGE(AN4:AN6) -> 0.21167768 | AO7: =1-SUM(AI7:AN7)-0.02 -> 0.45909229 | AR7: =SUMPRODUCT($AI$1:$AN$1,AI7:AN7) -> 0.31151558
A8: Diabolical | B8: 20 | C8: 20 | D8: 20 | E8: 20 | F8: 20 | G8: 50 | H8: 100000 | I8: 45039 | J8: =H8-I8 -> 54961 | K8: 382270 | L8: 435927 | M8: 334620 | N8: 14558 | O8: 34945 | P8: 2941 | Q8: 194 | R8: 746 | S8: 8594 | T8: 40512 | U8: 4198 | V8: 171517 | W8: 1381 | X8: 1082 | Y8: 0.104 | Z8: 0.118 | AA8: 0.121 | AB8: 0.239 | AC8: =I8/H8 -> 0.45039 | AD8: =K8/H8 -> 3.8227 | AE8: =(AC8-$AC$7)*162 -> -8.13834 | AF8: =(AD8-$AD$7)*162 -> -89.43804 | AG8: =L8/H8 -> 4.35927 | AH8: =ROUND((M8+U8)*1.02,0) -> 345594 | AI8: =(O8-SUM(P8:R8))/$AH8 -> 0.08988582 | AJ8: =P8/$AH8 -> 0.0085099857 | AK8: =Q8/$AH8 -> 0.00056135234 | AL8: =R8/$AH8 -> 0.0021586023 | AM8: =U8/$AH8 -> 0.012147202 | AN8: =V8/$AH8 -> 0.49629623 | AO8: =1-SUM(AI8:AN8)-0.02 -> 0.37044081 | AP8: =$BA$3+SUMPRODUCT(AI8:AO8,$BB$3:$BH$3) -> -104.53481 | AQ8: =$BA$4+($BB$4*AP8) -> -9.8761511 | AR8: =SUMPRODUCT($AI$1:$AN$1,AI8:AN8) -> 0.10528059 | AS8: =AI8/AI$7 -> 0.57163237 | AT8: =AJ8/AJ$7 -> 0.17684157 | AU8: =AK8/AK$7 -> 0.14776645 | AV8: =AL8/AL$7 -> 0.082069934 | AW8: =AM8/AM$7 -> 0.16467893 | AX8: =AN8/AN$7 -> 2.3445846 | AY8: =AO8/AO$7 -> 0.80689834
A9: DiabolicalPower50 | B9: 20 | C9: 20 | D9: 20 | E9: 50 | F9: 20 | G9: 50 | H9: 100000 | I9: 46229 | J9: =H9-I9 -> 53771 | K9: 394284 | L9: 435735 | M9: 345054 | N9: 23763 | O9: 44006 | P9: 2765 | Q9: 180 | R9: 10157 | S9: 22750 | T9: 77602 | U9: 4317 | V9: 176749 | W9: 1326 | X9: 1017 | Y9: 0.128 | Z9: 0.141 | AA9: 0.225 | AB9: 0.366 | AC9: =I9/H9 -> 0.46229 | AD9: =K9/H9 -> 3.94284 | AE9: =(AC9-$AC$7)*162 -> -6.21054 | AF9: =(AD9-$AD$7)*162 -> -69.97536 | AG9: =L9/H9 -> 4.35735 | AH9: =ROUND((M9+U9)*1.02,0) -> 356358 | AI9: =(O9-SUM(P9:R9))/$AH9 -> 0.08672178 | AJ9: =P9/$AH9 -> 0.0077590513 | AK9: =Q9/$AH9 -> 0.00050511003 | AL9: =R9/$AH9 -> 0.028502237 | AM9: =U9/$AH9 -> 0.012114222 | AN9: =V9/$AH9 -> 0.49598718 | AO9: =1-SUM(AI9:AN9)-0.02 -> 0.34841042 | AP9: =$BA$3+SUMPRODUCT(AI9:AO9,$BB$3:$BH$3) -> -76.786226 | AQ9: =$BA$4+$BB$4*AP9 -> -7.1828371 | AR9: =SUMPRODUCT($AI$1:$AN$1,AI9:AN9) -> 0.1527604 | AS9: =AI9/AI$7 -> 0.55151053 | AT9: =AJ9/AJ$7 -> 0.16123679 | AU9: =AK9/AK$7 -> 0.13296162 | AV9: =AL9/AL$7 -> 1.0836534 | AW9: =AM9/AM$7 -> 0.16423183 | AX9: =AN9/AN$7 -> 2.3431246 | AY9: =AO9/AO$7 -> 0.75891151
A10: DiabolicalPower55 | B10: 20 | C10: 20 | D10: 20 | E10: 55 | F10: 20 | G10: 50 | H10: 100000 | I10: 46579 | J10: =H10-I10 -> 53421 | K10: 396772 | L10: 435682 | M10: 347172 | N10: 26279 | O10: 45923 | P10: 2657 | Q10: 213 | R10: 12688 | S10: 26144 | T10: 87070 | U10: 4412 | V10: 178373 | W10: 1368 | X10: 1058 | Y10: 0.132 | Z10: 0.146 | AA10: 0.251 | AB10: 0.397 | AC10: =I10/H10 -> 0.46579 | AD10: =K10/H10 -> 3.96772 | AE10: =(AC10-$AC$7)*162 -> -5.64354 | AF10: =(AD10-$AD$7)*162 -> -65.9448 | AG10: =L10/H10 -> 4.35682 | AH10: =ROUND((M10+U10)*1.02,0) -> 358616 | AI10: =(O10-SUM(P10:R10))/$AH10 -> 0.084672742 | AJ10: =P10/$AH10 -> 0.0074090392 | AK10: =Q10/$AH10 -> 0.00059395007 | AL10: =R10/$AH10 -> 0.035380463 | AM10: =U10/$AH10 -> 0.012302853 | AN10: =V10/$AH10 -> 0.49739275 | AO10: =1-SUM(AI10:AN10)-0.02 -> 0.3422482 | AP10: =$BA$3+SUMPRODUCT(AI10:AO10,$BB$3:$BH$3) -> -69.61682 | AQ10: =$BA$4+$BB$4*AP10 -> -6.4869651 | AR10: =SUMPRODUCT($AI$1:$AN$1,AI10:AN10) -> 0.16416919 | AS10: =AI10/AI$7 -> 0.5384796 | AT10: =AJ10/AJ$7 -> 0.15396337 | AU10: =AK10/AK$7 -> 0.15634725 | AV10: =AL10/AL$7 -> 1.3451631 | AW10: =AM10/AM$7 -> 0.16678909 | AX10: =AN10/AN$7 -> 2.3497648 | AY10: =AO10/AO$7 -> 0.74548889
A11: AVK20 | B11: 20 | C11: 50 | D11: 50 | E11: 50 | F11: 50 | G11: 50 | H11: 100000 | I11: 47491 | J11: =H11-I11 -> 52509 | K11: 407344 | L11: 434054 | M11: 381888 | N11: 38175 | O11: 65383 | P11: 12112 | Q11: 899 | R11: 11018 | S11: 30759 | T11: 112347 | U11: 30506 | V11: 196908 | W11: 2268 | X11: 1829 | Y11: 0.171 | Z11: 0.234 | AA11: 0.294 | AB11: 0.529 | AC11: =I11/H11 -> 0.47491 | AD11: =K11/H11 -> 4.07344 | AE11: =(AC11-$AC$7)*162 -> -4.1661 | AF11: =(AD11-$AD$7)*162 -> -48.81816 | AG11: =L11/H11 -> 4.34054 | AH11: =ROUND((M11+U11)*1.02,0) -> 420642 | AI11: =(O11-SUM(P11:R11))/$AH11 -> 0.098311628 | AJ11: =P11/$AH11 -> 0.028794081 | AK11: =Q11/$AH11 -> 0.0021372093 | AL11: =R11/$AH11 -> 0.026193295 | AM11: =U11/$AH11 -> 0.072522478 | AN11: =V11/$AH11 -> 0.46811303 | AO11: =1-SUM(AI11:AN11)-0.02 -> 0.28392828 | AP11: =$BA$3+SUMPRODUCT(AI11:AO11,$BB$3:$BH$3) -> -45.018901 | AQ11: =$BA$4+$BB$4*AP11 -> -4.0994587 | AR11: =SUMPRODUCT($AI$1:$AN$1,AI11:AN11) -> 0.23081228 | AS11: =AI11/AI$7 -> 0.62521663 | AT11: =AJ11/AJ$7 -> 0.59835476 | AU11: =AK11/AK$7 -> 0.56258399 | AV11: =AL11/AL$7 -> 0.99586755 | AW11: =AM11/AM$7 -> 0.98318316 | AX11: =AN11/AN$7 -> 2.2114426 | AY11: =AO11/AO$7 -> 0.61845579
A12: AVK25 | B12: 25 | C12: 50 | D12: 50 | E12: 50 | F12: 50 | G12: 50 | H12: 100000 | I12: 48291 | J12: =H12-I12 -> 51709 | K12: 417221 | L12: 434212 | M12: 404354 | N12: 44327 | O12: 83005 | P12: 16088 | Q12: 1231 | R12: 11599 | S12: 37046 | T12: 136352 | U12: 32373 | V12: 164423 | W12: 2640 | X12: 2187 | Y12: 0.205 | Z12: 0.266 | AA12: 0.337 | AB12: 0.603 | AC12: =I12/H12 -> 0.48291 | AD12: =K12/H12 -> 4.17221 | AE12: =(AC12-$AC$7)*162 -> -2.8701 | AF12: =(AD12-$AD$7)*162 -> -32.81742 | AG12: =L12/H12 -> 4.34212 | AH12: =ROUND((M12+U12)*1.02,0) -> 445462 | AI12: =(O12-SUM(P12:R12))/$AH12 -> 0.12141776 | AJ12: =P12/$AH12 -> 0.036115314 | AK12: =Q12/$AH12 -> 0.0027634231 | AL12: =R12/$AH12 -> 0.026038136 | AM12: =U12/$AH12 -> 0.072672865 | AN12: =V12/$AH12 -> 0.36910668 | AO12: =1-SUM(AI12:AN12)-0.02 -> 0.35188582 | AP12: =$BA$3+SUMPRODUCT(AI12:AO12,$BB$3:$BH$3) -> -29.498846 | AQ12: =$BA$4+$BB$4*AP12 -> -2.5930617 | AR12: =SUMPRODUCT($AI$1:$AN$1,AI12:AN12) -> 0.26146874 | AS12: =AI12/AI$7 -> 0.77216099 | AT12: =AJ12/AJ$7 -> 0.75049346 | AU12: =AK12/AK$7 -> 0.72742413 | AV12: =AL12/AL$7 -> 0.98996841 | AW12: =AM12/AM$7 -> 0.98522196 | AX12: =AN12/AN$7 -> 1.7437204 | AY12: =AO12/AO$7 -> 0.76648166
A13: AVK30 | B13: 30 | C13: 50 | D13: 50 | E13: 50 | F13: 50 | G13: 50 | H13: 100000 | I13: 48530 | J13: =H13-I13 -> 51470 | K13: 420121 | L13: 434355 | M13: 404968 | N13: 45908 | O13: 87544 | P13: 17007 | Q13: 1332 | R13: 11788 | S13: 38826 | T13: 142579 | U13: 32451 | V13: 149603 | W13: 2737 | X13: 2233 | Y13: 0.216 | Z13: 0.276 | AA13: 0.352 | AB13: 0.628 | AC13: =I13/H13 -> 0.4853 | AD13: =K13/H13 -> 4.20121 | AE13: =(AC13-$AC$7)*162 -> -2.48292 | AF13: =(AD13-$AD$7)*162 -> -28.11942 | AG13: =L13/H13 -> 4.34355 | AH13: =ROUND((M13+U13)*1.02,0) -> 446167 | AI13: =(O13-SUM(P13:R13))/$AH13 -> 0.12868948 | AJ13: =P13/$AH13 -> 0.038118014 | AK13: =Q13/$AH13 -> 0.0029854292 | AL13: =R13/$AH13 -> 0.0264206 | AM13: =U13/$AH13 -> 0.072732856 | AN13: =V13/$AH13 -> 0.33530718 | AO13: =1-SUM(AI13:AN13)-0.02 -> 0.37574644 | AP13: =$BA$3+SUMPRODUCT(AI13:AO13,$BB$3:$BH$3) -> -23.988215 | AQ13: =$BA$4+$BB$4*AP13 -> -2.0581925 | AR13: =SUMPRODUCT($AI$1:$AN$1,AI13:AN13) -> 0.27163197 | AS13: =AI13/AI$7 -> 0.81840577 | AT13: =AJ13/AJ$7 -> 0.79211053 | AU13: =AK13/AK$7 -> 0.78586346 | AV13: =AL13/AL$7 -> 1.0045097 | AW13: =AM13/AM$7 -> 0.98603524 | AX13: =AN13/AN$7 -> 1.584046 | AY13: =AO13/AO$7 -> 0.81845513
A14: AVK35 | B14: 35 | C14: 50 | D14: 50 | E14: 50 | F14: 50 | G14: 50 | H14: 100000 | I14: 48910 | J14: =H14-I14 -> 51090 | K14: 424356 | L14: 433982 | M14: 407326 | N14: 48253 | O14: 92928 | P14: 18382 | Q14: 1383 | R14: 12007 | S14: 40543 | T14: 150097 | U14: 32992 | V14: 135822 | W14: 2861 | X14: 2347 | Y14: 0.228 | Z14: 0.287 | AA14: 0.368 | AB14: 0.656 | AC14: =I14/H14 -> 0.4891 | AD14: =K14/H14 -> 4.24356 | AE14: =(AC14-$AC$7)*162 -> -1.86732 | AF14: =(AD14-$AD$7)*162 -> -21.25872 | AG14: =L14/H14 -> 4.33982 | AH14: =ROUND((M14+U14)*1.02,0) -> 449124 | AI14: =(O14-SUM(P14:R14))/$AH14 -> 0.13616729 | AJ14: =P14/$AH14 -> 0.040928563 | AK14: =Q14/$AH14 -> 0.0030793278 | AL14: =R14/$AH14 -> 0.026734265 | AM14: =U14/$AH14 -> 0.073458555 | AN14: =V14/$AH14 -> 0.30241537 | AO14: =1-SUM(AI14:AN14)-0.02 -> 0.39721663 | AP14: =$BA$3+SUMPRODUCT(AI14:AO14,$BB$3:$BH$3) -> -18.570065 | AQ14: =$BA$4+$BB$4*AP14 -> -1.5322998 | AR14: =SUMPRODUCT($AI$1:$AN$1,AI14:AN14) -> 0.28312771 | AS14: =AI14/AI$7 -> 0.86596121 | AT14: =AJ14/AJ$7 -> 0.85051508 | AU14: =AK14/AK$7 -> 0.81058065 | AV14: =AL14/AL$7 -> 1.0164352 | AW14: =AM14/AM$7 -> 0.9958735 | AX14: =AN14/AN$7 -> 1.4286597 | AY14: =AO14/AO$7 -> 0.86522174
A15: AVK40 | B15: 40 | C15: 50 | D15: 50 | E15: 50 | F15: 50 | G15: 50 | H15: 100000 | I15: 49429 | J15: =H15-I15 -> 50571 | K15: 429496 | L15: 435052 | M15: 411466 | N15: 50160 | O15: 99238 | P15: 19791 | Q15: 1537 | R15: 12052 | S15: 42464 | T15: 158259 | U15: 33322 | V15: 120970 | W15: 3151 | X15: 2473 | Y15: 0.241 | Z15: 0.299 | AA15: 0.385 | AB15: 0.684 | AC15: =I15/H15 -> 0.49429 | AD15: =K15/H15 -> 4.29496 | AE15: =(AC15-$AC$7)*162 -> -1.02654 | AF15: =(AD15-$AD$7)*162 -> -12.93192 | AG15: =L15/H15 -> 4.35052 | AH15: =ROUND((M15+U15)*1.02,0) -> 453684 | AI15: =(O15-SUM(P15:R15))/$AH15 -> 0.14516271 | AJ15: =P15/$AH15 -> 0.043622874 | AK15: =Q15/$AH15 -> 0.0033878206 | AL15: =R15/$AH15 -> 0.026564746 | AM15: =U15/$AH15 -> 0.073447598 | AN15: =V15/$AH15 -> 0.26663933 | AO15: =1-SUM(AI15:AN15)-0.02 -> 0.42117491 | AP15: =$BA$3+SUMPRODUCT(AI15:AO15,$BB$3:$BH$3) -> -12.625507 | AQ15: =$BA$4+$BB$4*AP15 -> -0.95531307 | AR15: =SUMPRODUCT($AI$1:$AN$1,AI15:AN15) -> 0.29470733 | AS15: =AI15/AI$7 -> 0.92316792 | AT15: =AJ15/AJ$7 -> 0.90650415 | AU15: =AK15/AK$7 -> 0.89178614 | AV15: =AL15/AL$7 -> 1.0099901 | AW15: =AM15/AM$7 -> 0.99572496 | AX15: =AN15/AN$7 -> 1.2596479 | AY15: =AO15/AO$7 -> 0.91740795
A16: AVK45 | B16: 45 | C16: 50 | D16: 50 | E16: 50 | F16: 50 | G16: 50 | H16: 100000 | I16: 49612 | J16: =H16-I16 -> 50388 | K16: 430723 | L16: 433896 | M16: 412767 | N16: 51151 | O16: 103302 | P16: 20931 | Q16: 1581 | R16: 11970 | S16: 43262 | T16: 163305 | U16: 33686 | V16: 107135 | W16: 3127 | X16: 2593 | Y16: 0.25 | Z16: 0.308 | AA16: 0.396 | AB16: 0.703 | AC16: =I16/H16 -> 0.49612 | AD16: =K16/H16 -> 4.30723 | AE16: =(AC16-$AC$7)*162 -> -0.73008 | AF16: =(AD16-$AD$7)*162 -> -10.94418 | AG16: =L16/H16 -> 4.33896 | AH16: =ROUND((M16+U16)*1.02,0) -> 455382 | AI16: =(O16-SUM(P16:R16))/$AH16 -> 0.15112587 | AJ16: =P16/$AH16 -> 0.045963609 | AK16: =Q16/$AH16 -> 0.0034718105 | AL16: =R16/$AH16 -> 0.026285624 | AM16: =U16/$AH16 -> 0.07397306 | AN16: =V16/$AH16 -> 0.23526402 | AO16: =1-SUM(AI16:AN16)-0.02 -> 0.44391601 | AP16: =$BA$3+SUMPRODUCT(AI16:AO16,$BB$3:$BH$3) -> -8.601623 | AQ16: =$BA$4+$BB$4*AP16 -> -0.56474961 | AR16: =SUMPRODUCT($AI$1:$AN$1,AI16:AN16) -> 0.30294175 | AS16: =AI16/AI$7 -> 0.96109084 | AT16: =AJ16/AJ$7 -> 0.95514573 | AU16: =AK16/AK$7 -> 0.91389505 | AV16: =AL16/AL$7 -> 0.9993779 | AW16: =AM16/AM$7 -> 1.0028486 | AX16: =AN16/AN$7 -> 1.1114257 | AY16: =AO16/AO$7 -> 0.96694286
A17: AVK55 | B17: 55 | C17: 50 | D17: 50 | E17: 50 | F17: 50 | G17: 50 | H17: 100000 | I17: 49993 | J17: =H17-I17 -> 50007 | K17: 436505 | L17: 435688 | M17: 416343 | N17: 53981 | O17: 111641 | P17: 22861 | Q17: 1766 | R17: 12162 | S17: 46077 | T17: 174520 | U17: 33620 | V17: 85754 | W17: 3441 | X17: 2618 | Y17: 0.268 | Z17: 0.323 | AA17: 0.419 | AB17: 0.743 | AC17: =I17/H17 -> 0.49993 | AD17: =K17/H17 -> 4.36505 | AE17: =(AC17-$AC$7)*162 -> -0.11286 | AF17: =(AD17-$AD$7)*162 -> -1.57734 | AG17: =L17/H17 -> 4.35688 | AH17: =ROUND((M17+U17)*1.02,0) -> 458962 | AI17: =(O17-SUM(P17:R17))/$AH17 -> 0.16308975 | AJ17: =P17/$AH17 -> 0.049810224 | AK17: =Q17/$AH17 -> 0.0038478131 | AL17: =R17/$AH17 -> 0.026498926 | AM17: =U17/$AH17 -> 0.073252252 | AN17: =V17/$AH17 -> 0.18684336 | AO17: =1-SUM(AI17:AN17)-0.02 -> 0.47665768 | AP17: =$BA$3+SUMPRODUCT(AI17:AO17,$BB$3:$BH$3) -> -0.4528035 | AQ17: =$BA$4+$BB$4*AP17 -> 0.22618555 | AR17: =SUMPRODUCT($AI$1:$AN$1,AI17:AN17) -> 0.31896257 | AS17: =AI17/AI$7 -> 1.0371756 | AT17: =AJ17/AJ$7 -> 1.0350802 | AU17: =AK17/AK$7 -> 1.0128713 | AV17: =AL17/AL$7 -> 1.0074876 | AW17: =AM17/AM$7 -> 0.99307666 | AX17: =AN17/AN$7 -> 0.88267859 | AY17: =AO17/AO$7 -> 1.0382611
A18: AVK60 | B18: 60 | C18: 50 | D18: 50 | E18: 50 | F18: 50 | G18: 50 | H18: 100000 | I18: 50247 | J18: =H18-I18 -> 49753 | K18: 439463 | L18: 435915 | M18: 417529 | N18: 54564 | O18: 114617 | P18: 23537 | Q18: 1865 | R18: 12187 | S18: 46814 | T18: 178445 | U18: 33465 | V18: 77091 | W18: 3438 | X18: 2684 | Y18: 0.275 | Z18: 0.329 | AA18: 0.427 | AB18: 0.756 | AC18: =I18/H18 -> 0.50247 | AD18: =K18/H18 -> 4.39463 | AE18: =(AC18-$AC$7)*162 -> 0.29862 | AF18: =(AD18-$AD$7)*162 -> 3.21462 | AG18: =L18/H18 -> 4.35915 | AH18: =ROUND((M18+U18)*1.02,0) -> 460014 | AI18: =(O18-SUM(P18:R18))/$AH18 -> 0.16744708 | AJ18: =P18/$AH18 -> 0.051165834 | AK18: =Q18/$AH18 -> 0.0040542244 | AL18: =R18/$AH18 -> 0.026492672 | AM18: =U18/$AH18 -> 0.072747786 | AN18: =V18/$AH18 -> 0.16758403 | AO18: =1-SUM(AI18:AN18)-0.02 -> 0.49050838 | AP18: =$BA$3+SUMPRODUCT(AI18:AO18,$BB$3:$BH$3) -> 2.6453394 | AQ18: =$BA$4+$BB$4*AP18 -> 0.52689539 | AR18: =SUMPRODUCT($AI$1:$AN$1,AI18:AN18) -> 0.32451171 | AS18: =AI18/AI$7 -> 1.0648862 | AT18: =AJ18/AJ$7 -> 1.0632505 | AU18: =AK18/AK$7 -> 1.0672056 | AV18: =AL18/AL$7 -> 1.0072498 | AW18: =AM18/AM$7 -> 0.98623765 | AX18: =AN18/AN$7 -> 0.79169439 | AY18: =AO18/AO$7 -> 1.0684309
A19: AVK65 | B19: 65 | C19: 50 | D19: 50 | E19: 50 | F19: 50 | G19: 50 | H19: 100000 | I19: 50630 | J19: =H19-I19 -> 49370 | K19: 439484 | L19: 435042 | M19: 418192 | N19: 55143 | O19: 117247 | P19: 24135 | Q19: 1865 | R19: 12167 | S19: 47226 | T19: 181613 | U19: 33135 | V19: 69074 | W19: 3507 | X19: 2739 | Y19: 0.28 | Z19: 0.334 | AA19: 0.434 | AB19: 0.768 | AC19: =I19/H19 -> 0.5063 | AD19: =K19/H19 -> 4.39484 | AE19: =(AC19-$AC$7)*162 -> 0.91908 | AF19: =(AD19-$AD$7)*162 -> 3.24864 | AG19: =L19/H19 -> 4.35042 | AH19: =ROUND((M19+U19)*1.02,0) -> 460354 | AI19: =(O19-SUM(P19:R19))/$AH19 -> 0.17178085 | AJ19: =P19/$AH19 -> 0.052427045 | AK19: =Q19/$AH19 -> 0.0040512301 | AL19: =R19/$AH19 -> 0.026429661 | AM19: =U19/$AH19 -> 0.071977218 | AN19: =V19/$AH19 -> 0.1500454 | AO19: =1-SUM(AI19:AN19)-0.02 -> 0.5032886 | AP19: =$BA$3+SUMPRODUCT(AI19:AO19,$BB$3:$BH$3) -> 4.7877299 | AQ19: =$BA$4+$BB$4*AP19 -> 0.73483863 | AR19: =SUMPRODUCT($AI$1:$AN$1,AI19:AN19) -> 0.32929365 | AS19: =AI19/AI$7 -> 1.092447 | AT19: =AJ19/AJ$7 -> 1.089459 | AU19: =AK19/AK$7 -> 1.0664174 | AV19: =AL19/AL$7 -> 1.0048542 | AW19: =AM19/AM$7 -> 0.9757911 | AX19: =AN19/AN$7 -> 0.70883903 | AY19: =AO19/AO$7 -> 1.0962689
A20: AVK70 | B20: 70 | C20: 50 | D20: 50 | E20: 50 | F20: 50 | G20: 50 | H20: 100000 | I20: 50979 | J20: =H20-I20 -> 49021 | K20: 444668 | L20: 434770 | M20: 418853 | N20: 56883 | O20: 120853 | P20: 24988 | Q20: 1960 | R20: 12320 | S20: 48950 | T20: 186721 | U20: 33675 | V20: 60039 | W20: 3650 | X20: 2838 | Y20: 0.289 | Z20: 0.342 | AA20: 0.446 | AB20: 0.788 | AC20: =I20/H20 -> 0.50979 | AD20: =K20/H20 -> 4.44668 | AE20: =(AC20-$AC$7)*162 -> 1.48446 | AF20: =(AD20-$AD$7)*162 -> 11.64672 | AG20: =L20/H20 -> 4.3477 | AH20: =ROUND((M20+U20)*1.02,0) -> 461579 | AI20: =(O20-SUM(P20:R20))/$AH20 -> 0.17675198 | AJ20: =P20/$AH20 -> 0.054135912 | AK20: =Q20/$AH20 -> 0.0042462937 | AL20: =R20/$AH20 -> 0.026690989 | AM20: =U20/$AH20 -> 0.072956092 | AN20: =V20/$AH20 -> 0.13007308 | AO20: =1-SUM(AI20:AN20)-0.02 -> 0.51514566 | AP20: =$BA$3+SUMPRODUCT(AI20:AO20,$BB$3:$BH$3) -> 8.9198925 | AQ20: =$BA$4+$BB$4*AP20 -> 1.1359118 | AR20: =SUMPRODUCT($AI$1:$AN$1,AI20:AN20) -> 0.33740534 | AS20: =AI20/AI$7 -> 1.1240611 | AT20: =AJ20/AJ$7 -> 1.1249701 | AU20: =AK20/AK$7 -> 1.1177646 | AV20: =AL20/AL$7 -> 1.0147899 | AW20: =AM20/AM$7 -> 0.98906164 | AX20: =AN20/AN$7 -> 0.6144865 | AY20: =AO20/AO$7 -> 1.1220961
... A108: SPD45 | B108: 50 | C108: 50 | D108: 50 | E108: 50 | F108: 50 | G108: 45 | H108: 100000 | I108: 49980 | J108: =H108-I108 -> 50020 | K108: 434067 | L108: 434303 | M108: 399785 | N108: 48827 | O108: 104402 | P108: 21756 | Q108: 1327 | R108: 11722 | S108: 52841 | T108: 163978 | U108: 32858 | V108: 94401 | W108: 1918 | X108: 1724 | Y108: 0.261 | Z108: 0.317 | AA108: 0.41 | AB108: 0.728 | AC108: =I108/H108 -> 0.4998 | AD108: =K108/H108 -> 4.34067 | AE108: =(AC108-$AC$7)*162 -> -0.13392 | AF108: =(AD108-$AD$7)*162 -> -5.5269 | AG108: =L108/H108 -> 4.34303 | AH108: =ROUND((M108+U108)*1.02,0) -> 441296 | AI108: =(O108-SUM(P108:R108))/$AH108 -> 0.15771047 | AJ108: =P108/$AH108 -> 0.049300243 | AK108: =Q108/$AH108 -> 0.003007052 | AL108: =R108/$AH108 -> 0.02656267 | AM108: =U108/$AH108 -> 0.07445796 | AN108: =V108/$AH108 -> 0.21391764 | AO108: =1-SUM(AI108:AN108)-0.02 -> 0.45504396 | AP108: =$BA$3+SUMPRODUCT(AI108:AO108,$BB$3:$BH$3) -> -5.882428 | AQ108: =$BA$4+$BB$4*AP108 -> -0.30082096 | AR108: =SUMPRODUCT($AI$1:$AN$1,AI108:AN108) -> 0.31316966 | AS108: =AI108/AI$7 -> 1.0029659 | AT108: =AJ108/AJ$7 -> 1.0244826 | AU108: =AK108/AK$7 -> 0.79155527 | AV108: =AL108/AL$7 -> 1.0099112 | AW108: =AM108/AM$7 -> 1.0094224 | AX108: =AN108/AN$7 -> 1.010582 | AY108: =AO108/AO$7 -> 0.99118189
A109: SPD55 | B109: 50 | C109: 50 | D109: 50 | E109: 50 | F109: 50 | G109: 55 | H109: 100000 | J109: =H109-I109 -> 100000 | AC109: =I109/H109 -> 0 | AD109: =K109/H109 -> 0 | AE109: =(AC109-$AC$7)*162 -> -81.10152 | AF109: =(AD109-$AD$7)*162 -> -708.71544 | AG109: =L109/H109 -> 0 | AH109: =ROUND((M109+U109)*1.02,0) -> 0 | AI109: =(O109-SUM(P109:R109))/$AH109 -> #DIV/0! | AJ109: =P109/$AH109 -> #DIV/0! | AK109: =Q109/$AH109 -> #DIV/0! | AL109: =R109/$AH109 -> #DIV/0! | AM109: =U109/$AH109 -> #DIV/0! | AN109: =V109/$AH109 -> #DIV/0! | AO109: =1-SUM(AI109:AN109)-0.02 -> #DIV/0! | AP109: =$BA$3+SUMPRODUCT(AI109:AO109,$BB$3:$BH$3) -> #DIV/0! | AQ109: =$BA$4+$BB$4*AP109 -> #DIV/0! | AR109: =SUMPRODUCT($AI$1:$AN$1,AI109:AN109) -> #DIV/0! | AS109: =AI109/AI$7 -> #DIV/0! | AT109: =AJ109/AJ$7 -> #DIV/0! | AU109: =AK109/AK$7 -> #DIV/0! | AV109: =AL109/AL$7 -> #DIV/0! | AW109: =AM109/AM$7 -> #DIV/0! | AX109: =AN109/AN$7 -> #DIV/0! | AY109: =AO109/AO$7 -> #DIV/0!
A110: SPD60 | B110: 50 | C110: 50 | D110: 50 | E110: 50 | F110: 50 | G110: 60 | H110: 100000 | J110: =H110-I110 -> 100000 | AC110: =I110/H110 -> 0 | AD110: =K110/H110 -> 0 | AE110: =(AC110-$AC$7)*162 -> -81.10152 | AF110: =(AD110-$AD$7)*162 -> -708.71544 | AG110: =L110/H110 -> 0 | AH110: =ROUND((M110+U110)*1.02,0) -> 0 | AI110: =(O110-SUM(P110:R110))/$AH110 -> #DIV/0! | AJ110: =P110/$AH110 -> #DIV/0! | AK110: =Q110/$AH110 -> #DIV/0! | AL110: =R110/$AH110 -> #DIV/0! | AM110: =U110/$AH110 -> #DIV/0! | AN110: =V110/$AH110 -> #DIV/0! | AO110: =1-SUM(AI110:AN110)-0.02 -> #DIV/0! | AP110: =$BA$3+SUMPRODUCT(AI110:AO110,$BB$3:$BH$3) -> #DIV/0! | AQ110: =$BA$4+$BB$4*AP110 -> #DIV/0! | AR110: =SUMPRODUCT($AI$1:$AN$1,AI110:AN110) -> #DIV/0! | AS110: =AI110/AI$7 -> #DIV/0! | AT110: =AJ110/AJ$7 -> #DIV/0! | AU110: =AK110/AK$7 -> #DIV/0! | AV110: =AL110/AL$7 -> #DIV/0! | AW110: =AM110/AM$7 -> #DIV/0! | AX110: =AN110/AN$7 -> #DIV/0! | AY110: =AO110/AO$7 -> #DIV/0!
A111: SPD65 | B111: 50 | C111: 50 | D111: 50 | E111: 50 | F111: 50 | G111: 65 | H111: 100000 | J111: =H111-I111 -> 100000 | AC111: =I111/H111 -> 0 | AD111: =K111/H111 -> 0 | AE111: =(AC111-$AC$7)*162 -> -81.10152 | AF111: =(AD111-$AD$7)*162 -> -708.71544 | AG111: =L111/H111 -> 0 | AH111: =ROUND((M111+U111)*1.02,0) -> 0 | AI111: =(O111-SUM(P111:R111))/$AH111 -> #DIV/0! | AJ111: =P111/$AH111 -> #DIV/0! | AK111: =Q111/$AH111 -> #DIV/0! | AL111: =R111/$AH111 -> #DIV/0! | AM111: =U111/$AH111 -> #DIV/0! | AN111: =V111/$AH111 -> #DIV/0! | AO111: =1-SUM(AI111:AN111)-0.02 -> #DIV/0! | AP111: =$BA$3+SUMPRODUCT(AI111:AO111,$BB$3:$BH$3) -> #DIV/0! | AQ111: =$BA$4+$BB$4*AP111 -> #DIV/0! | AR111: =SUMPRODUCT($AI$1:$AN$1,AI111:AN111) -> #DIV/0! | AS111: =AI111/AI$7 -> #DIV/0! | AT111: =AJ111/AJ$7 -> #DIV/0! | AU111: =AK111/AK$7 -> #DIV/0! | AV111: =AL111/AL$7 -> #DIV/0! | AW111: =AM111/AM$7 -> #DIV/0! | AX111: =AN111/AN$7 -> #DIV/0! | AY111: =AO111/AO$7 -> #DIV/0!
A112: SPD70 | B112: 50 | C112: 50 | D112: 50 | E112: 50 | F112: 50 | G112: 70 | H112: 100000 | J112: =H112-I112 -> 100000 | AC112: =I112/H112 -> 0 | AD112: =K112/H112 -> 0 | AE112: =(AC112-$AC$7)*162 -> -81.10152 | AF112: =(AD112-$AD$7)*162 -> -708.71544 | AG112: =L112/H112 -> 0 | AH112: =ROUND((M112+U112)*1.02,0) -> 0 | AI112: =(O112-SUM(P112:R112))/$AH112 -> #DIV/0! | AJ112: =P112/$AH112 -> #DIV/0! | AK112: =Q112/$AH112 -> #DIV/0! | AL112: =R112/$AH112 -> #DIV/0! | AM112: =U112/$AH112 -> #DIV/0! | AN112: =V112/$AH112 -> #DIV/0! | AO112: =1-SUM(AI112:AN112)-0.02 -> #DIV/0! | AP112: =$BA$3+SUMPRODUCT(AI112:AO112,$BB$3:$BH$3) -> #DIV/0! | AQ112: =$BA$4+$BB$4*AP112 -> #DIV/0! | AR112: =SUMPRODUCT($AI$1:$AN$1,AI112:AN112) -> #DIV/0! | AS112: =AI112/AI$7 -> #DIV/0! | AT112: =AJ112/AJ$7 -> #DIV/0! | AU112: =AK112/AK$7 -> #DIV/0! | AV112: =AL112/AL$7 -> #DIV/0! | AW112: =AM112/AM$7 -> #DIV/0! | AX112: =AN112/AN$7 -> #DIV/0! | AY112: =AO112/AO$7 -> #DIV/0!
A113: SPD75 | B113: 50 | C113: 50 | D113: 50 | E113: 50 | F113: 50 | G113: 75 | H113: 100000 | J113: =H113-I113 -> 100000 | AC113: =I113/H113 -> 0 | AD113: =K113/H113 -> 0 | AE113: =(AC113-$AC$7)*162 -> -81.10152 | AF113: =(AD113-$AD$7)*162 -> -708.71544 | AG113: =L113/H113 -> 0 | AH113: =ROUND((M113+U113)*1.02,0) -> 0 | AI113: =(O113-SUM(P113:R113))/$AH113 -> #DIV/0! | AJ113: =P113/$AH113 -> #DIV/0! | AK113: =Q113/$AH113 -> #DIV/0! | AL113: =R113/$AH113 -> #DIV/0! | AM113: =U113/$AH113 -> #DIV/0! | AN113: =V113/$AH113 -> #DIV/0! | AO113: =1-SUM(AI113:AN113)-0.02 -> #DIV/0! | AP113: =$BA$3+SUMPRODUCT(AI113:AO113,$BB$3:$BH$3) -> #DIV/0! | AQ113: =$BA$4+$BB$4*AP113 -> #DIV/0! | AR113: =SUMPRODUCT($AI$1:$AN$1,AI113:AN113) -> #DIV/0! | AS113: =AI113/AI$7 -> #DIV/0! | AT113: =AJ113/AJ$7 -> #DIV/0! | AU113: =AK113/AK$7 -> #DIV/0! | AV113: =AL113/AL$7 -> #DIV/0! | AW113: =AM113/AM$7 -> #DIV/0! | AX113: =AN113/AN$7 -> #DIV/0! | AY113: =AO113/AO$7 -> #DIV/0!
A114: SPD80 | B114: 50 | C114: 50 | D114: 50 | E114: 50 | F114: 50 | G114: 80 | H114: 100000 | J114: =H114-I114 -> 100000 | AC114: =I114/H114 -> 0 | AD114: =K114/H114 -> 0 | AE114: =(AC114-$AC$7)*162 -> -81.10152 | AF114: =(AD114-$AD$7)*162 -> -708.71544 | AG114: =L114/H114 -> 0 | AH114: =ROUND((M114+U114)*1.02,0) -> 0 | AI114: =(O114-SUM(P114:R114))/$AH114 -> #DIV/0! | AJ114: =P114/$AH114 -> #DIV/0! | AK114: =Q114/$AH114 -> #DIV/0! | AL114: =R114/$AH114 -> #DIV/0! | AM114: =U114/$AH114 -> #DIV/0! | AN114: =V114/$AH114 -> #DIV/0! | AO114: =1-SUM(AI114:AN114)-0.02 -> #DIV/0! | AP114: =$BA$3+SUMPRODUCT(AI114:AO114,$BB$3:$BH$3) -> #DIV/0! | AQ114: =$BA$4+$BB$4*AP114 -> #DIV/0! | AR114: =SUMPRODUCT($AI$1:$AN$1,AI114:AN114) -> #DIV/0! | AS114: =AI114/AI$7 -> #DIV/0! | AT114: =AJ114/AJ$7 -> #DIV/0! | AU114: =AK114/AK$7 -> #DIV/0! | AV114: =AL114/AL$7 -> #DIV/0! | AW114: =AM114/AM$7 -> #DIV/0! | AX114: =AN114/AN$7 -> #DIV/0! | AY114: =AO114/AO$7 -> #DIV/0!

Sheet Fielding
H2: Team A | I2: Team A | J2: Team A | K2: Team A | L2: Team A | M2: Team A | N2: Team A | O2: Team A | P2: Team A
A3: Position | B3: Name | C3: Range/Blocking | D3: Error/Framing | E3: Arm | F3: Turn DP | G3: Games | H3: W | I3: L | J3: Runs scored | K3: Runs allowed | L3: winpct | M3: run score/G | N3: run conc/G | O3: win/162 delta | P3: run/162 delta
A4: SS | B4: Baseline | C4: 60 | D4: 60 | E4: 55 | F4: 50 | G4: 100000 | H4: 50231 | I4: =G4-H4 -> 49769 | J4: 434612 | K4: 433939 | L4: =H4/G4 -> 0.50231 | M4: =J4/G4 -> 4.34612 | N4: =K4/G4 -> 4.33939
A5: SS | B5: Baseline | C5: 60 | D5: 60 | E5: 55 | F5: 50 | G5: 100000 | H5: 50093 | I5: =G5-H5 -> 49907 | J5: 434305 | K5: 433615 | L5: =H5/G5 -> 0.50093 | M5: =J5/G5 -> 4.34305 | N5: =K5/G5 -> 4.33615
A6: SS | B6: Baseline | C6: 60 | D6: 60 | E6: 55 | F6: 50 | G6: 100000 | H6: 50118 | I6: =G6-H6 -> 49882 | J6: 434377 | K6: 434430 | L6: =H6/G6 -> 0.50118 | M6: =J6/G6 -> 4.34377 | N6: =K6/G6 -> 4.3443
A7: SS | B7: Baseline Average | C7: 60 | D7: 60 | E7: 55 | F7: 50 | G7: 100000 | H7: =AVERAGE(H4:H6) -> 50147.333 | I7: =G7-H7 -> 49852.667 | J7: =AVERAGE(J4:J6) -> 434431.33 | K7: =AVERAGE(K4:K6) -> 433994.67 | L7: =H7/G7 -> 0.50147333 | M7: =J7/G7 -> 4.3443133 | N7: =K7/G7 -> 4.3399467 | O7: n/a | P7: n/a
A8: SS | B8: =_xlfn.CONCAT("RNG",C8,"xERR",D8,"xARM",E8,"xTDP",F8) -> RNG40xERR60xARM55xTDP50 | C8: 40 | D8: 60 | E8: 55 | F8: 50 | G8: 100000 | H8: 49543 | I8: =G8-H8 -> 50457 | J8: 434865 | K8: 440217 | L8: =H8/G8 -> 0.49543 | M8: =J8/G8 -> 4.34865 | N8: =K8/G8 -> 4.40217 | O8: =(L8-$L$7)*162 -> -0.97902 | P8: =-(N8-$N$7)*162 -> -10.08018
A9: SS | B9: =_xlfn.CONCAT("RNG",C9,"xERR",D9,"xARM",E9,"xTDP",F9) -> RNG45xERR60xARM55xTDP50 | C9: 45 | D9: 60 | E9: 55 | F9: 50 | G9: 100000 | H9: 49497 | I9: =G9-H9 -> 50503 | J9: 434811 | K9: 438342 | L9: =H9/G9 -> 0.49497 | M9: =J9/G9 -> 4.34811 | N9: =K9/G9 -> 4.38342 | O9: =(L9-$L$7)*162 -> -1.05354 | P9: =-(N9-$N$7)*162 -> -7.04268
A10: SS | B10: =_xlfn.CONCAT("RNG",C10,"xERR",D10,"xARM",E10,"xTDP",F10) -> RNG50xERR60xARM55xTDP50 | C10: 50 | D10: 60 | E10: 55 | F10: 50 | G10: 100000 | H10: 49215 | I10: =G10-H10 -> 50785 | J10: 433536 | K10: 440885 | L10: =H10/G10 -> 0.49215 | M10: =J10/G10 -> 4.33536 | N10: =K10/G10 -> 4.40885 | O10: =(L10-$L$7)*162 -> -1.51038 | P10: =-(N10-$N$7)*162 -> -11.16234
A11: SS | B11: =_xlfn.CONCAT("RNG",C11,"xERR",D11,"xARM",E11,"xTDP",F11) -> RNG55xERR60xARM55xTDP50 | C11: 55 | D11: 60 | E11: 55 | F11: 50 | G11: 100000 | H11: 49146 | I11: =G11-H11 -> 50854 | J11: 435444 | K11: 442064 | L11: =H11/G11 -> 0.49146 | M11: =J11/G11 -> 4.35444 | N11: =K11/G11 -> 4.42064 | O11: =(L11-$L$7)*162 -> -1.62216 | P11: =-(N11-$N$7)*162 -> -13.07232
A12: SS | B12: =_xlfn.CONCAT("RNG",C12,"xERR",D12,"xARM",E12,"xTDP",F12) -> RNG65xERR60xARM55xTDP50 | C12: 65 | D12: 60 | E12: 55 | F12: 50 | G12: 100000 | H12: 51849 | I12: =G12-H12 -> 48151 | J12: 434109 | K12: 416465 | L12: =H12/G12 -> 0.51849 | M12: =J12/G12 -> 4.34109 | N12: =K12/G12 -> 4.16465 | O12: =(L12-$L$7)*162 -> 2.7567 | P12: =-(N12-$N$7)*162 -> 28.39806
A13: SS | B13: =_xlfn.CONCAT("RNG",C13,"xERR",D13,"xARM",E13,"xTDP",F13) -> RNG70xERR60xARM55xTDP50 | C13: 70 | D13: 60 | E13: 55 | F13: 50 | G13: 100000 | H13: 51991 | I13: =G13-H13 -> 48009 | J13: 433680 | K13: 413888 | L13: =H13/G13 -> 0.51991 | M13: =J13/G13 -> 4.3368 | N13: =K13/G13 -> 4.13888 | O13: =(L13-$L$7)*162 -> 2.98674 | P13: =-(N13-$N$7)*162 -> 32.5728
A14: SS | B14: =_xlfn.CONCAT("RNG",C14,"xERR",D14,"xARM",E14,"xTDP",F14) -> RNG75xERR60xARM55xTDP50 | C14: 75 | D14: 60 | E14: 55 | F14: 50 | G14: 100000 | H14: 51814 | I14: =G14-H14 -> 48186 | J14: 431343 | K14: 413087 | L14: =H14/G14 -> 0.51814 | M14: =J14/G14 -> 4.31343 | N14: =K14/G14 -> 4.13087 | O14: =(L14-$L$7)*162 -> 2.7 | P14: =-(N14-$N$7)*162 -> 33.87042
A15: SS | B15: =_xlfn.CONCAT("RNG",C15,"xERR",D15,"xARM",E15,"xTDP",F15) -> RNG60xERR50xARM55xTDP50 | C15: 60 | D15: 50 | E15: 55 | F15: 50 | G15: 100000 | H15: 49866 | I15: =G15-H15 -> 50134 | J15: 434246 | K15: 436547 | L15: =H15/G15 -> 0.49866 | M15: =J15/G15 -> 4.34246 | N15: =K15/G15 -> 4.36547 | O15: =(L15-$L$7)*162 -> -0.45576 | P15: =-(N15-$N$7)*162 -> -4.13478
A16: SS | B16: =_xlfn.CONCAT("RNG",C16,"xERR",D16,"xARM",E16,"xTDP",F16) -> RNG60xERR55xARM55xTDP50 | C16: 60 | D16: 55 | E16: 55 | F16: 50 | G16: 100000 | H16: 49855 | I16: =G16-H16 -> 50145 | J16: 435110 | K16: 436472 | L16: =H16/G16 -> 0.49855 | M16: =J16/G16 -> 4.3511 | N16: =K16/G16 -> 4.36472 | O16: =(L16-$L$7)*162 -> -0.47358 | P16: =-(N16-$N$7)*162 -> -4.01328
A17: SS | B17: =_xlfn.CONCAT("RNG",C17,"xERR",D17,"xARM",E17,"xTDP",F17) -> RNG60xERR65xARM55xTDP50 | C17: 60 | D17: 65 | E17: 55 | F17: 50 | G17: 100000 | H17: 49965 | I17: =G17-H17 -> 50035 | J17: 435041 | K17: 434114 | L17: =H17/G17 -> 0.49965 | M17: =J17/G17 -> 4.35041 | N17: =K17/G17 -> 4.34114 | O17: =(L17-$L$7)*162 -> -0.29538 | P17: =-(N17-$N$7)*162 -> -0.19332
A18: SS | B18: =_xlfn.CONCAT("RNG",C18,"xERR",D18,"xARM",E18,"xTDP",F18) -> RNG60xERR70xARM55xTDP50 | C18: 60 | D18: 70 | E18: 55 | F18: 50 | G18: 100000 | H18: 50584 | I18: =G18-H18 -> 49416 | J18: 435999 | K18: 431954 | L18: =H18/G18 -> 0.50584 | M18: =J18/G18 -> 4.35999 | N18: =K18/G18 -> 4.31954 | O18: =(L18-$L$7)*162 -> 0.7074 | P18: =-(N18-$N$7)*162 -> 3.30588
A19: SS | B19: =_xlfn.CONCAT("RNG",C19,"xERR",D19,"xARM",E19,"xTDP",F19) -> RNG60xERR75xARM55xTDP50 | C19: 60 | D19: 75 | E19: 55 | F19: 50 | G19: 100000 | H19: 50331 | I19: =G19-H19 -> 49669 | J19: 436126 | K19: 432745 | L19: =H19/G19 -> 0.50331 | M19: =J19/G19 -> 4.36126 | N19: =K19/G19 -> 4.32745 | O19: =(L19-$L$7)*162 -> 0.29754 | P19: =-(N19-$N$7)*162 -> 2.02446
... A71: SS | B71: =_xlfn.CONCAT("RNG",C71,"xERR",D71,"xARM",E71,"xTDP",F71) -> RNG70xERR60xARM60xTDP50 | C71: 70 | D71: 60 | E71: 60 | F71: 50 | G71: 100000 | H71: 52140 | I71: =G71-H71 -> 47860 | J71: 434730 | K71: 414048 | L71: =H71/G71 -> 0.5214 | M71: =J71/G71 -> 4.3473 | N71: =K71/G71 -> 4.14048 | O71: =(L71-$L$7)*162 -> 3.22812 | P71: =-(N71-$N$7)*162 -> 32.3136
A72: 1B | B72: Baseline | C72: 35 | D72: 35 | E72: 40 | F72: 40 | G72: 100000 | H72: 50147.333 | I72: 49852.667 | J72: 434431.33 | K72: 433994.67 | L72: 0.50147333 | M72: 4.3443133 | N72: 4.3399467 | O72: n/a | P72: n/a
A73: 1B | B73: =_xlfn.CONCAT("RNG",C73,"xERR",D73,"xARM",E73,"xTDP",F73) -> RNG20xERR35xARM40xTDP40 | C73: 20 | D73: 35 | E73: 40 | F73: 40 | G73: 100000 | H73: 49785 | I73: =G73-H73 -> 50215 | J73: 431980 | K73: 435007 | L73: =H73/G73 -> 0.49785 | M73: =J73/G73 -> 4.3198 | N73: =K73/G73 -> 4.35007 | O73: =(L73-$L$7)*162 -> -0.58698 | P73: =-(N73-$N$7)*162 -> -1.63998
A74: 1B | B74: =_xlfn.CONCAT("RNG",C74,"xERR",D74,"xARM",E74,"xTDP",F74) -> RNG30xERR35xARM40xTDP40 | C74: 30 | D74: 35 | E74: 40 | F74: 40 | G74: 100000 | H74: 49649 | I74: =G74-H74 -> 50351 | J74: 434021 | K74: 436272 | L74: =H74/G74 -> 0.49649 | M74: =J74/G74 -> 4.34021 | N74: =K74/G74 -> 4.36272 | O74: =(L74-$L$7)*162 -> -0.8073 | P74: =-(N74-$N$7)*162 -> -3.68928
A75: 1B | B75: =_xlfn.CONCAT("RNG",C75,"xERR",D75,"xARM",E75,"xTDP",F75) -> RNG40xERR35xARM40xTDP40 | C75: 40 | D75: 35 | E75: 40 | F75: 40 | G75: 100000 | H75: 50370 | I75: =G75-H75 -> 49630 | J75: 435324 | K75: 433571 | L75: =H75/G75 -> 0.5037 | M75: =J75/G75 -> 4.35324 | N75: =K75/G75 -> 4.33571 | O75: =(L75-$L$7)*162 -> 0.36072 | P75: =-(N75-$N$7)*162 -> 0.68634
A76: 1B | B76: =_xlfn.CONCAT("RNG",C76,"xERR",D76,"xARM",E76,"xTDP",F76) -> RNG45xERR35xARM40xTDP40 | C76: 45 | D76: 35 | E76: 40 | F76: 40 | G76: 100000 | H76: 50354 | I76: =G76-H76 -> 49646 | J76: 432861 | K76: 431648 | L76: =H76/G76 -> 0.50354 | M76: =J76/G76 -> 4.32861 | N76: =K76/G76 -> 4.31648 | O76: =(L76-$L$7)*162 -> 0.3348 | P76: =-(N76-$N$7)*162 -> 3.8016
A77: 1B | B77: =_xlfn.CONCAT("RNG",C77,"xERR",D77,"xARM",E77,"xTDP",F77) -> RNG50xERR35xARM40xTDP40 | C77: 50 | D77: 35 | E77: 40 | F77: 40 | G77: 100000 | H77: 50084 | I77: =G77-H77 -> 49916 | J77: 435040 | K77: 433487 | L77: =H77/G77 -> 0.50084 | M77: =J77/G77 -> 4.3504 | N77: =K77/G77 -> 4.33487 | O77: =(L77-$L$7)*162 -> -0.1026 | P77: =-(N77-$N$7)*162 -> 0.82242
A78: 1B | B78: =_xlfn.CONCAT("RNG",C78,"xERR",D78,"xARM",E78,"xTDP",F78) -> RNG35xERR20xARM40xTDP40 | C78: 35 | D78: 20 | E78: 40 | F78: 40 | G78: 100000 | H78: 49809 | I78: =G78-H78 -> 50191 | J78: 433003 | K78: 435255 | L78: =H78/G78 -> 0.49809 | M78: =J78/G78 -> 4.33003 | N78: =K78/G78 -> 4.35255 | O78: =(L78-$L$7)*162 -> -0.5481 | P78: =-(N78-$N$7)*162 -> -2.04174
A79: 1B | B79: =_xlfn.CONCAT("RNG",C79,"xERR",D79,"xARM",E79,"xTDP",F79) -> RNG35xERR30xARM40xTDP40 | C79: 35 | D79: 30 | E79: 40 | F79: 40 | G79: 100000 | H79: 50204 | I79: =G79-H79 -> 49796 | J79: 434831 | K79: 433581 | L79: =H79/G79 -> 0.50204 | M79: =J79/G79 -> 4.34831 | N79: =K79/G79 -> 4.33581 | O79: =(L79-$L$7)*162 -> 0.0918 | P79: =-(N79-$N$7)*162 -> 0.67014
A80: 1B | B80: =_xlfn.CONCAT("RNG",C80,"xERR",D80,"xARM",E80,"xTDP",F80) -> RNG35xERR40xARM40xTDP40 | C80: 35 | D80: 40 | E80: 40 | F80: 40 | G80: 100000 | H80: 50104 | I80: =G80-H80 -> 49896 | J80: 433688 | K80: 433280 | L80: =H80/G80 -> 0.50104 | M80: =J80/G80 -> 4.33688 | N80: =K80/G80 -> 4.3328 | O80: =(L80-$L$7)*162 -> -0.0702 | P80: =-(N80-$N$7)*162 -> 1.15776
A81: 1B | B81: =_xlfn.CONCAT("RNG",C81,"xERR",D81,"xARM",E81,"xTDP",F81) -> RNG35xERR50xARM40xTDP40 | C81: 35 | D81: 50 | E81: 40 | F81: 40 | G81: 100000 | H81: 50127 | I81: =G81-H81 -> 49873 | J81: 434898 | K81: 435363 | L81: =H81/G81 -> 0.50127 | M81: =J81/G81 -> 4.34898 | N81: =K81/G81 -> 4.35363 | O81: =(L81-$L$7)*162 -> -0.03294 | P81: =-(N81-$N$7)*162 -> -2.2167
A82: 1B | B82: =_xlfn.CONCAT("RNG",C82,"xERR",D82,"xARM",E82,"xTDP",F82) -> RNG35xERR60xARM40xTDP40 | C82: 35 | D82: 60 | E82: 40 | F82: 40 | G82: 100000 | H82: 49836 | I82: =G82-H82 -> 50164 | J82: 434831 | K82: 435131 | L82: =H82/G82 -> 0.49836 | M82: =J82/G82 -> 4.34831 | N82: =K82/G82 -> 4.35131 | O82: =(L82-$L$7)*162 -> -0.50436 | P82: =-(N82-$N$7)*162 -> -1.84086
A83: 1B | B83: =_xlfn.CONCAT("RNG",C83,"xERR",D83,"xARM",E83,"xTDP",F83) -> RNG40xERR40xARM40xTDP40 | C83: 40 | D83: 40 | E83: 40 | F83: 40 | G83: 100000 | H83: 50112 | I83: =G83-H83 -> 49888 | J83: 434556 | K83: 433551 | L83: =H83/G83 -> 0.50112 | M83: =J83/G83 -> 4.34556 | N83: =K83/G83 -> 4.33551 | O83: =(L83-$L$7)*162 -> -0.05724 | P83: =-(N83-$N$7)*162 -> 0.71874
A84: 1B | B84: =_xlfn.CONCAT("RNG",C84,"xERR",D84,"xARM",E84,"xTDP",F84) -> RNG50xERR50xARM50xTDP50 | C84: 50 | D84: 50 | E84: 50 | F84: 50 | G84: 100000 | H84: 50163 | I84: =G84-H84 -> 49837 | J84: 433538 | K84: 431491 | L84: =H84/G84 -> 0.50163 | M84: =J84/G84 -> 4.33538 | N84: =K84/G84 -> 4.31491 | O84: =(L84-$L$7)*162 -> 0.02538 | P84: =-(N84-$N$7)*162 -> 4.05594
A85: 2B | B85: Baseline | C85: 50 | D85: 55 | E85: 50 | F85: 55 | G85: 100000 | H85: 50147.333 | I85: 49852.667 | J85: 434431.33 | K85: 433994.67 | L85: 0.50147333 | M85: 4.3443133 | N85: 4.3399467 | O85: n/a | P85: n/a
A86: 2B | B86: =_xlfn.CONCAT("RNG",C86,"xERR",D86,"xARM",E86,"xTDP",F86) -> RNG40xERR55xARM50xTDP55 | C86: 40 | D86: 55 | E86: 50 | F86: 55 | G86: 100000 | H86: 49985 | I86: =G86-H86 -> 50015 | J86: 435642 | K86: 436419 | L86: =H86/G86 -> 0.49985 | M86: =J86/G86 -> 4.35642 | N86: =K86/G86 -> 4.36419 | O86: =(L86-$L$7)*162 -> -0.26298 | P86: =-(N86-$N$7)*162 -> -3.92742
A87: 2B | B87: =_xlfn.CONCAT("RNG",C87,"xERR",D87,"xARM",E87,"xTDP",F87) -> RNG55xERR55xARM50xTDP55 | C87: 55 | D87: 55 | E87: 50 | F87: 55 | G87: 100000 | H87: 51016 | I87: =G87-H87 -> 48984 | J87: 435847 | K87: 426798 | L87: =H87/G87 -> 0.51016 | M87: =J87/G87 -> 4.35847 | N87: =K87/G87 -> 4.26798 | O87: =(L87-$L$7)*162 -> 1.40724 | P87: =-(N87-$N$7)*162 -> 11.6586
A88: 2B | B88: =_xlfn.CONCAT("RNG",C88,"xERR",D88,"xARM",E88,"xTDP",F88) -> RNG60xERR55xARM50xTDP55 | C88: 60 | D88: 55 | E88: 50 | F88: 55 | G88: 100000 | H88: 50816 | I88: =G88-H88 -> 49184 | J88: 434030 | K88: 426670 | L88: =H88/G88 -> 0.50816 | M88: =J88/G88 -> 4.3403 | N88: =K88/G88 -> 4.2667 | O88: =(L88-$L$7)*162 -> 1.08324 | P88: =-(N88-$N$7)*162 -> 11.86596
A89: 2B | B89: =_xlfn.CONCAT("RNG",C89,"xERR",D89,"xARM",E89,"xTDP",F89) -> RNG65xERR55xARM50xTDP55 | C89: 65 | D89: 55 | E89: 50 | F89: 55 | G89: 100000 | H89: 51001 | I89: =G89-H89 -> 48999 | J89: 433625 | K89: 425328 | L89: =H89/G89 -> 0.51001 | M89: =J89/G89 -> 4.33625 | N89: =K89/G89 -> 4.25328 | O89: =(L89-$L$7)*162 -> 1.38294 | P89: =-(N89-$N$7)*162 -> 14.04
A90: 2B | B90: =_xlfn.CONCAT("RNG",C90,"xERR",D90,"xARM",E90,"xTDP",F90) -> RNG70xERR55xARM50xTDP55 | C90: 70 | D90: 55 | E90: 50 | F90: 55 | G90: 100000 | H90: 50811 | I90: =G90-H90 -> 49189 | J90: 433670 | K90: 425315 | L90: =H90/G90 -> 0.50811 | M90: =J90/G90 -> 4.3367 | N90: =K90/G90 -> 4.25315 | O90: =(L90-$L$7)*162 -> 1.07514 | P90: =-(N90-$N$7)*162 -> 14.06106
A91: 2B | B91: =_xlfn.CONCAT("RNG",C91,"xERR",D91,"xARM",E91,"xTDP",F91) -> RNG75xERR55xARM50xTDP55 | C91: 75 | D91: 55 | E91: 50 | F91: 55 | G91: 100000 | H91: 50715 | I91: =G91-H91 -> 49285 | J91: 434090 | K91: 425781 | L91: =H91/G91 -> 0.50715 | M91: =J91/G91 -> 4.3409 | N91: =K91/G91 -> 4.25781 | O91: =(L91-$L$7)*162 -> 0.91962 | P91: =-(N91-$N$7)*162 -> 13.30614
A92: 2B | B92: =_xlfn.CONCAT("RNG",C92,"xERR",D92,"xARM",E92,"xTDP",F92) -> RNG50xERR40xARM50xTDP55 | C92: 50 | D92: 40 | E92: 50 | F92: 55 | G92: 100000 | H92: 49945 | I92: =G92-H92 -> 50055 | J92: 433834 | K92: 436366 | L92: =H92/G92 -> 0.49945 | M92: =J92/G92 -> 4.33834 | N92: =K92/G92 -> 4.36366 | O92: =(L92-$L$7)*162 -> -0.32778 | P92: =-(N92-$N$7)*162 -> -3.84156
A93: 2B | B93: =_xlfn.CONCAT("RNG",C93,"xERR",D93,"xARM",E93,"xTDP",F93) -> RNG50xERR50xARM50xTDP55 | C93: 50 | D93: 50 | E93: 50 | F93: 55 | G93: 100000 | H93: 49931 | I93: =G93-H93 -> 50069 | J93: 435582 | K93: 435999 | L93: =H93/G93 -> 0.49931 | M93: =J93/G93 -> 4.35582 | N93: =K93/G93 -> 4.35999 | O93: =(L93-$L$7)*162 -> -0.35046 | P93: =-(N93-$N$7)*162 -> -3.24702
A94: 2B | B94: =_xlfn.CONCAT("RNG",C94,"xERR",D94,"xARM",E94,"xTDP",F94) -> RNG50xERR60xARM50xTDP55 | C94: 50 | D94: 60 | E94: 50 | F94: 55 | G94: 100000 | H94: 49874 | I94: =G94-H94 -> 50126 | J94: 434162 | K94: 436235 | L94: =H94/G94 -> 0.49874 | M94: =J94/G94 -> 4.34162 | N94: =K94/G94 -> 4.36235 | O94: =(L94-$L$7)*162 -> -0.4428 | P94: =-(N94-$N$7)*162 -> -3.62934
A95: 2B | B95: =_xlfn.CONCAT("RNG",C95,"xERR",D95,"xARM",E95,"xTDP",F95) -> RNG50xERR70xARM50xTDP55 | C95: 50 | D95: 70 | E95: 50 | F95: 55 | G95: 100000 | H95: 49733 | I95: =G95-H95 -> 50267 | J95: 432856 | K95: 434752 | L95: =H95/G95 -> 0.49733 | M95: =J95/G95 -> 4.32856 | N95: =K95/G95 -> 4.34752 | O95: =(L95-$L$7)*162 -> -0.67122 | P95: =-(N95-$N$7)*162 -> -1.22688
A96: 2B | B96: =_xlfn.CONCAT("RNG",C96,"xERR",D96,"xARM",E96,"xTDP",F96) -> RNG50xERR55xARM40xTDP55 | C96: 50 | D96: 55 | E96: 40 | F96: 55 | G96: 100000 | H96: 49943 | I96: =G96-H96 -> 50057 | J96: 435261 | K96: 437070 | L96: =H96/G96 -> 0.49943 | M96: =J96/G96 -> 4.35261 | N96: =K96/G96 -> 4.3707 | O96: =(L96-$L$7)*162 -> -0.33102 | P96: =-(N96-$N$7)*162 -> -4.98204
A97: 2B | B97: =_xlfn.CONCAT("RNG",C97,"xERR",D97,"xARM",E97,"xTDP",F97) -> RNG50xERR55xARM55xTDP55 | C97: 50 | D97: 55 | E97: 55 | F97: 55 | G97: 100000 | H97: 50094 | I97: =G97-H97 -> 49906 | J97: 434436 | K97: 433397 | L97: =H97/G97 -> 0.50094 | M97: =J97/G97 -> 4.34436 | N97: =K97/G97 -> 4.33397 | O97: =(L97-$L$7)*162 -> -0.0864 | P97: =-(N97-$N$7)*162 -> 0.96822
... A129: 2B | B129: =_xlfn.CONCAT("RNG",C129,"xERR",D129,"xARM",E129,"xTDP",F129) -> RNG50xERR55xARM40xTDP40 | C129: 50 | D129: 55 | E129: 40 | F129: 40 | G129: 100000 | H129: 49410 | I129: =G129-H129 -> 50590 | J129: 434086 | K129: 441178 | L129: =H129/G129 -> 0.4941 | M129: =J129/G129 -> 4.34086 | N129: =K129/G129 -> 4.41178 | O129: =(L129-$L$7)*162 -> -1.19448 | P129: =-(N129-$N$7)*162 -> -11.637
A130: 3B | B130: Baseline | C130: 55 | D130: 55 | E130: 55 | F130: 50 | G130: 100000 | H130: 50147.333 | I130: 49852.667 | J130: 434431.33 | K130: 433994.67 | L130: 0.50147333 | M130: 4.3443133 | N130: 4.3399467 | O130: n/a | P130: n/a
A131: 3B | B131: =_xlfn.CONCAT("RNG",C131,"xERR",D131,"xARM",E131,"xTDP",F131) -> RNG40xERR55xARM55xTDP50 | C131: 40 | D131: 55 | E131: 55 | F131: 50 | G131: 100000 | H131: 49841 | I131: =G131-H131 -> 50159 | J131: 434378 | K131: 437341 | L131: =H131/G131 -> 0.49841 | M131: =J131/G131 -> 4.34378 | N131: =K131/G131 -> 4.37341 | O131: =(L131-$L$7)*162 -> -0.49626 | P131: =-(N131-$N$7)*162 -> -5.42106
A132: 3B | B132: =_xlfn.CONCAT("RNG",C132,"xERR",D132,"xARM",E132,"xTDP",F132) -> RNG50xERR55xARM55xTDP50 | C132: 50 | D132: 55 | E132: 55 | F132: 50 | G132: 100000 | H132: 49723 | I132: =G132-H132 -> 50277 | J132: 434068 | K132: 437661 | L132: =H132/G132 -> 0.49723 | M132: =J132/G132 -> 4.34068 | N132: =K132/G132 -> 4.37661 | O132: =(L132-$L$7)*162 -> -0.68742 | P132: =-(N132-$N$7)*162 -> -5.93946
A133: 3B | B133: =_xlfn.CONCAT("RNG",C133,"xERR",D133,"xARM",E133,"xTDP",F133) -> RNG60xERR55xARM55xTDP50 | C133: 60 | D133: 55 | E133: 55 | F133: 50 | G133: 100000 | H133: 50509 | I133: =G133-H133 -> 49491 | J133: 433168 | K133: 429013 | L133: =H133/G133 -> 0.50509 | M133: =J133/G133 -> 4.33168 | N133: =K133/G133 -> 4.29013 | O133: =(L133-$L$7)*162 -> 0.5859 | P133: =-(N133-$N$7)*162 -> 8.0703
A134: 3B | B134: =_xlfn.CONCAT("RNG",C134,"xERR",D134,"xARM",E134,"xTDP",F134) -> RNG70xERR55xARM55xTDP50 | C134: 70 | D134: 55 | E134: 55 | F134: 50 | G134: 100000 | H134: 50958 | I134: =G134-H134 -> 49042 | J134: 434045 | K134: 425640 | L134: =H134/G134 -> 0.50958 | M134: =J134/G134 -> 4.34045 | N134: =K134/G134 -> 4.2564 | O134: =(L134-$L$7)*162 -> 1.31328 | P134: =-(N134-$N$7)*162 -> 13.53456
A135: 3B | B135: =_xlfn.CONCAT("RNG",C135,"xERR",D135,"xARM",E135,"xTDP",F135) -> RNG75xERR55xARM55xTDP50 | C135: 75 | D135: 55 | E135: 55 | F135: 50 | G135: 100000 | H135: 50857 | I135: =G135-H135 -> 49143 | J135: 433144 | K135: 425103 | L135: =H135/G135 -> 0.50857 | M135: =J135/G135 -> 4.33144 | N135: =K135/G135 -> 4.25103 | O135: =(L135-$L$7)*162 -> 1.14966 | P135: =-(N135-$N$7)*162 -> 14.4045
A136: 3B | B136: =_xlfn.CONCAT("RNG",C136,"xERR",D136,"xARM",E136,"xTDP",F136) -> RNG55xERR40xARM55xTDP50 | C136: 55 | D136: 40 | E136: 55 | F136: 50 | G136: 100000 | H136: 50006 | I136: =G136-H136 -> 49994 | J136: 435390 | K136: 436298 | L136: =H136/G136 -> 0.50006 | M136: =J136/G136 -> 4.3539 | N136: =K136/G136 -> 4.36298 | O136: =(L136-$L$7)*162 -> -0.22896 | P136: =-(N136-$N$7)*162 -> -3.7314
A137: 3B | B137: =_xlfn.CONCAT("RNG",C137,"xERR",D137,"xARM",E137,"xTDP",F137) -> RNG55xERR50xARM55xTDP50 | C137: 55 | D137: 50 | E137: 55 | F137: 50 | G137: 100000 | H137: 49615 | I137: =G137-H137 -> 50385 | J137: 434774 | K137: 436915 | L137: =H137/G137 -> 0.49615 | M137: =J137/G137 -> 4.34774 | N137: =K137/G137 -> 4.36915 | O137: =(L137-$L$7)*162 -> -0.86238 | P137: =-(N137-$N$7)*162 -> -4.73094
A138: 3B | B138: =_xlfn.CONCAT("RNG",C138,"xERR",D138,"xARM",E138,"xTDP",F138) -> RNG55xERR60xARM55xTDP50 | C138: 55 | D138: 60 | E138: 55 | F138: 50 | G138: 100000 | H138: 49770 | I138: =G138-H138 -> 50230 | J138: 432854 | K138: 435141 | L138: =H138/G138 -> 0.4977 | M138: =J138/G138 -> 4.32854 | N138: =K138/G138 -> 4.35141 | O138: =(L138-$L$7)*162 -> -0.61128 | P138: =-(N138-$N$7)*162 -> -1.85706
A139: 3B | B139: =_xlfn.CONCAT("RNG",C139,"xERR",D139,"xARM",E139,"xTDP",F139) -> RNG55xERR65xARM55xTDP50 | C139: 55 | D139: 65 | E139: 55 | F139: 50 | G139: 100000 | H139: 50310 | I139: =G139-H139 -> 49690 | J139: 435536 | K139: 433651 | L139: =H139/G139 -> 0.5031 | M139: =J139/G139 -> 4.35536 | N139: =K139/G139 -> 4.33651 | O139: =(L139-$L$7)*162 -> 0.26352 | P139: =-(N139-$N$7)*162 -> 0.55674
A140: 3B | B140: =_xlfn.CONCAT("RNG",C140,"xERR",D140,"xARM",E140,"xTDP",F140) -> RNG55xERR70xARM55xTDP50 | C140: 55 | D140: 70 | E140: 55 | F140: 50 | G140: 100000 | H140: 50119 | I140: =G140-H140 -> 49881 | J140: 434527 | K140: 432703 | L140: =H140/G140 -> 0.50119 | M140: =J140/G140 -> 4.34527 | N140: =K140/G140 -> 4.32703 | O140: =(L140-$L$7)*162 -> -0.0459 | P140: =-(N140-$N$7)*162 -> 2.0925
A141: 3B | B141: =_xlfn.CONCAT("RNG",C141,"xERR",D141,"xARM",E141,"xTDP",F141) -> RNG55xERR75xARM55xTDP50 | C141: 55 | D141: 75 | E141: 55 | F141: 50 | G141: 100000 | H141: 50350 | I141: =G141-H141 -> 49650 | J141: 433341 | K141: 431901 | L141: =H141/G141 -> 0.5035 | M141: =J141/G141 -> 4.33341 | N141: =K141/G141 -> 4.31901 | O141: =(L141-$L$7)*162 -> 0.32832 | P141: =-(N141-$N$7)*162 -> 3.39174
A142: 3B | B142: =_xlfn.CONCAT("RNG",C142,"xERR",D142,"xARM",E142,"xTDP",F142) -> RNG55xERR55xARM40xTDP50 | C142: 55 | D142: 55 | E142: 40 | F142: 50 | G142: 100000 | H142: 49638 | I142: =G142-H142 -> 50362 | J142: 436075 | K142: 440118 | L142: =H142/G142 -> 0.49638 | M142: =J142/G142 -> 4.36075 | N142: =K142/G142 -> 4.40118 | O142: =(L142-$L$7)*162 -> -0.82512 | P142: =-(N142-$N$7)*162 -> -9.9198
... A155: 3B | B155: =_xlfn.CONCAT("RNG",C155,"xERR",D155,"xARM",E155,"xTDP",F155) -> RNG60xERR55xARM60xTDP50 | C155: 60 | D155: 55 | E155: 60 | F155: 50 | G155: 100000 | H155: 51105 | I155: =G155-H155 -> 48895 | J155: 435662 | K155: 425966 | L155: =H155/G155 -> 0.51105 | M155: =J155/G155 -> 4.35662 | N155: =K155/G155 -> 4.25966 | O155: =(L155-$L$7)*162 -> 1.55142 | P155: =-(N155-$N$7)*162 -> 13.00644
A156: CF | B156: Baseline | C156: 60 | D156: 60 | E156: 55 | F156: N/A | G156: 100000 | H156: 50147.333 | I156: 49852.667 | J156: 434431.33 | K156: 433994.67 | L156: 0.50147333 | M156: 4.3443133 | N156: 4.3399467 | O156: n/a | P156: n/a
A157: CF | B157: =_xlfn.CONCAT("RNG",C157,"xERR",D157,"xARM",E157) -> RNG40xERR60xARM55 | C157: 40 | D157: 60 | E157: 55 | F157: N/A | G157: 100000 | H157: 49240 | I157: =G157-H157 -> 50760 | J157: 436311 | K157: 442782 | L157: =H157/G157 -> 0.4924 | M157: =J157/G157 -> 4.36311 | N157: =K157/G157 -> 4.42782 | O157: =(L157-$L$7)*162 -> -1.46988 | P157: =-(N157-$N$7)*162 -> -14.23548
A158: CF | B158: =_xlfn.CONCAT("RNG",C158,"xERR",D158,"xARM",E158) -> RNG50xERR60xARM55 | C158: 50 | D158: 60 | E158: 55 | F158: N/A | G158: 100000 | H158: 49164 | I158: =G158-H158 -> 50836 | J158: 434298 | K158: 441701 | L158: =H158/G158 -> 0.49164 | M158: =J158/G158 -> 4.34298 | N158: =K158/G158 -> 4.41701 | O158: =(L158-$L$7)*162 -> -1.593 | P158: =-(N158-$N$7)*162 -> -12.48426
A159: CF | B159: =_xlfn.CONCAT("RNG",C159,"xERR",D159,"xARM",E159) -> RNG70xERR60xARM55 | C159: 70 | D159: 60 | E159: 55 | F159: N/A | G159: 100000 | H159: 51998 | I159: =G159-H159 -> 48002 | J159: 434059 | K159: 414492 | L159: =H159/G159 -> 0.51998 | M159: =J159/G159 -> 4.34059 | N159: =K159/G159 -> 4.14492 | O159: =(L159-$L$7)*162 -> 2.99808 | P159: =-(N159-$N$7)*162 -> 31.59432
A160: CF | B160: =_xlfn.CONCAT("RNG",C160,"xERR",D160,"xARM",E160) -> RNG75xERR60xARM55 | C160: 75 | D160: 60 | E160: 55 | F160: N/A | G160: 100000 | H160: 51946 | I160: =G160-H160 -> 48054 | J160: 434488 | K160: 414520 | L160: =H160/G160 -> 0.51946 | M160: =J160/G160 -> 4.34488 | N160: =K160/G160 -> 4.1452 | O160: =(L160-$L$7)*162 -> 2.91384 | P160: =-(N160-$N$7)*162 -> 31.54896
A161: CF | B161: =_xlfn.CONCAT("RNG",C161,"xERR",D161,"xARM",E161) -> RNG60xERR40xARM55 | C161: 60 | D161: 40 | E161: 55 | F161: N/A | G161: 100000 | H161: 49934 | I161: =G161-H161 -> 50066 | J161: 434665 | K161: 436368 | L161: =H161/G161 -> 0.49934 | M161: =J161/G161 -> 4.34665 | N161: =K161/G161 -> 4.36368 | O161: =(L161-$L$7)*162 -> -0.3456 | P161: =-(N161-$N$7)*162 -> -3.8448
A162: CF | B162: =_xlfn.CONCAT("RNG",C162,"xERR",D162,"xARM",E162) -> RNG60xERR50xARM55 | C162: 60 | D162: 50 | E162: 55 | F162: N/A | G162: 100000 | H162: 50079 | I162: =G162-H162 -> 49921 | J162: 433588 | K162: 433833 | L162: =H162/G162 -> 0.50079 | M162: =J162/G162 -> 4.33588 | N162: =K162/G162 -> 4.33833 | O162: =(L162-$L$7)*162 -> -0.1107 | P162: =-(N162-$N$7)*162 -> 0.2619
A163: CF | B163: =_xlfn.CONCAT("RNG",C163,"xERR",D163,"xARM",E163) -> RNG60xERR70xARM55 | C163: 60 | D163: 70 | E163: 55 | F163: N/A | G163: 100000 | H163: 50054 | I163: =G163-H163 -> 49946 | J163: 434073 | K163: 433812 | L163: =H163/G163 -> 0.50054 | M163: =J163/G163 -> 4.34073 | N163: =K163/G163 -> 4.33812 | O163: =(L163-$L$7)*162 -> -0.1512 | P163: =-(N163-$N$7)*162 -> 0.29592
A164: CF | B164: =_xlfn.CONCAT("RNG",C164,"xERR",D164,"xARM",E164) -> RNG60xERR75xARM55 | C164: 60 | D164: 75 | E164: 55 | F164: N/A | G164: 100000 | H164: 49858 | I164: =G164-H164 -> 50142 | J164: 433851 | K164: 434401 | L164: =H164/G164 -> 0.49858 | M164: =J164/G164 -> 4.33851 | N164: =K164/G164 -> 4.34401 | O164: =(L164-$L$7)*162 -> -0.46872 | P164: =-(N164-$N$7)*162 -> -0.65826
A165: CF | B165: =_xlfn.CONCAT("RNG",C165,"xERR",D165,"xARM",E165) -> RNG60xERR60xARM40 | C165: 60 | D165: 60 | E165: 40 | F165: N/A | G165: 100000 | H165: 49466 | I165: =G165-H165 -> 50534 | J165: 434354 | K165: 439010 | L165: =H165/G165 -> 0.49466 | M165: =J165/G165 -> 4.34354 | N165: =K165/G165 -> 4.3901 | O165: =(L165-$L$7)*162 -> -1.10376 | P165: =-(N165-$N$7)*162 -> -8.12484
A166: CF | B166: =_xlfn.CONCAT("RNG",C166,"xERR",D166,"xARM",E166) -> RNG60xERR60xARM50 | C166: 60 | D166: 60 | E166: 50 | F166: N/A | G166: 100000 | H166: 49648 | I166: =G166-H166 -> 50352 | J166: 432906 | K166: 437551 | L166: =H166/G166 -> 0.49648 | M166: =J166/G166 -> 4.32906 | N166: =K166/G166 -> 4.37551 | O166: =(L166-$L$7)*162 -> -0.80892 | P166: =-(N166-$N$7)*162 -> -5.76126
A167: CF | B167: =_xlfn.CONCAT("RNG",C167,"xERR",D167,"xARM",E167) -> RNG60xERR60xARM70 | C167: 60 | D167: 60 | E167: 70 | F167: N/A | G167: 100000 | H167: 50116 | I167: =G167-H167 -> 49884 | J167: 432836 | K167: 430887 | L167: =H167/G167 -> 0.50116 | M167: =J167/G167 -> 4.32836 | N167: =K167/G167 -> 4.30887 | O167: =(L167-$L$7)*162 -> -0.05076 | P167: =-(N167-$N$7)*162 -> 5.03442
A168: CF | B168: =_xlfn.CONCAT("RNG",C168,"xERR",D168,"xARM",E168) -> RNG60xERR60xARM75 | C168: 60 | D168: 60 | E168: 75 | F168: N/A | G168: 100000 | H168: 50526 | I168: =G168-H168 -> 49474 | J168: 435065 | K168: 431023 | L168: =H168/G168 -> 0.50526 | M168: =J168/G168 -> 4.35065 | N168: =K168/G168 -> 4.31023 | O168: =(L168-$L$7)*162 -> 0.61344 | P168: =-(N168-$N$7)*162 -> 4.8141
... A172: CF | B172: =_xlfn.CONCAT("RNG",C172,"xERR",D172,"xARM",E172) -> RNG50xERR60xARM70 | C172: 50 | D172: 60 | E172: 70 | F172: N/A | G172: 100000 | H172: 49573 | I172: =G172-H172 -> 50427 | J172: 434356 | K172: 438610 | L172: =H172/G172 -> 0.49573 | M172: =J172/G172 -> 4.34356 | N172: =K172/G172 -> 4.3861 | O172: =(L172-$L$7)*162 -> -0.93042 | P172: =-(N172-$N$7)*162 -> -7.47684
A173: CF-Systematic | B173: Baseline | C173: 60 | D173: 60 | E173: 55 | F173: N/A | G173: 100000 | H173: 50147.333 | I173: 49852.667 | J173: 434431.33 | K173: 433994.67 | L173: 0.50147333 | M173: 4.3443133 | N173: 4.3399467 | O173: n/a | P173: n/a
A174: CF-Systematic | B174: =_xlfn.CONCAT("RNG",C174,"xERR",D174,"xARM",E174) -> RNG40xERR40xARM40 | C174: 40 | D174: 40 | E174: 40 | F174: N/A | G174: 100000 | H174: 48935 | I174: =G174-H174 -> 51065 | J174: 435128 | K174: 445453 | L174: =H174/G174 -> 0.48935 | M174: =J174/G174 -> 4.35128 | N174: =K174/G174 -> 4.45453 | O174: =(L174-$L$7)*162 -> -1.96398 | P174: =-(N174-$N$7)*162 -> -18.5625
A175: CF-Systematic | B175: =_xlfn.CONCAT("RNG",C175,"xERR",D175,"xARM",E175) -> RNG60xERR40xARM40 | C175: 60 | D175: 40 | E175: 40 | F175: N/A | G175: 100000 | H175: 49691 | I175: =G175-H175 -> 50309 | J175: 434691 | K175: 438308 | L175: =H175/G175 -> 0.49691 | M175: =J175/G175 -> 4.34691 | N175: =K175/G175 -> 4.38308 | O175: =(L175-$L$7)*162 -> -0.73926 | P175: =-(N175-$N$7)*162 -> -6.9876
A176: CF-Systematic | B176: =_xlfn.CONCAT("RNG",C176,"xERR",D176,"xARM",E176) -> RNG80xERR40xARM40 | C176: 80 | D176: 40 | E176: 40 | F176: N/A | G176: 100000 | H176: 51617 | I176: =G176-H176 -> 48383 | J176: 434021 | K176: 419853 | L176: =H176/G176 -> 0.51617 | M176: =J176/G176 -> 4.34021 | N176: =K176/G176 -> 4.19853 | O176: =(L176-$L$7)*162 -> 2.38086 | P176: =-(N176-$N$7)*162 -> 22.9095
A177: CF-Systematic | B177: =_xlfn.CONCAT("RNG",C177,"xERR",D177,"xARM",E177) -> RNG40xERR60xARM40 | C177: 40 | D177: 60 | E177: 40 | F177: N/A | G177: 100000 | H177: 48798 | I177: =G177-H177 -> 51202 | J177: 435332 | K177: 446327 | L177: =H177/G177 -> 0.48798 | M177: =J177/G177 -> 4.35332 | N177: =K177/G177 -> 4.46327 | O177: =(L177-$L$7)*162 -> -2.18592 | P177: =-(N177-$N$7)*162 -> -19.97838
A178: CF-Systematic | B178: =_xlfn.CONCAT("RNG",C178,"xERR",D178,"xARM",E178) -> RNG60xERR60xARM40 | C178: 60 | D178: 60 | E178: 40 | F178: N/A | G178: 100000 | H178: 49466 | I178: =G178-H178 -> 50534 | J178: 434354 | K178: 439010 | L178: =H178/G178 -> 0.49466 | M178: =J178/G178 -> 4.34354 | N178: =K178/G178 -> 4.3901 | O178: =(L178-$L$7)*162 -> -1.10376 | P178: =-(N178-$N$7)*162 -> -8.12484
A179: CF-Systematic | B179: =_xlfn.CONCAT("RNG",C179,"xERR",D179,"xARM",E179) -> RNG80xERR60xARM40 | C179: 80 | D179: 60 | E179: 40 | F179: N/A | G179: 100000 | H179: 51830 | I179: =G179-H179 -> 48170 | J179: 434927 | K179: 418159 | L179: =H179/G179 -> 0.5183 | M179: =J179/G179 -> 4.34927 | N179: =K179/G179 -> 4.18159 | O179: =(L179-$L$7)*162 -> 2.72592 | P179: =-(N179-$N$7)*162 -> 25.65378
A180: CF-Systematic | B180: =_xlfn.CONCAT("RNG",C180,"xERR",D180,"xARM",E180) -> RNG40xERR80xARM40 | C180: 40 | D180: 80 | E180: 40 | F180: N/A | G180: 100000 | H180: 48860 | I180: =G180-H180 -> 51140 | J180: 433532 | K180: 445510 | L180: =H180/G180 -> 0.4886 | M180: =J180/G180 -> 4.33532 | N180: =K180/G180 -> 4.4551 | O180: =(L180-$L$7)*162 -> -2.08548 | P180: =-(N180-$N$7)*162 -> -18.65484
A181: CF-Systematic | B181: =_xlfn.CONCAT("RNG",C181,"xERR",D181,"xARM",E181) -> RNG60xERR80xARM40 | C181: 60 | D181: 80 | E181: 40 | F181: N/A | G181: 100000 | H181: 49129 | I181: =G181-H181 -> 50871 | J181: 432970 | K181: 438561 | L181: =H181/G181 -> 0.49129 | M181: =J181/G181 -> 4.3297 | N181: =K181/G181 -> 4.38561 | O181: =(L181-$L$7)*162 -> -1.6497 | P181: =-(N181-$N$7)*162 -> -7.39746
A182: CF-Systematic | B182: =_xlfn.CONCAT("RNG",C182,"xERR",D182,"xARM",E182) -> RNG80xERR80xARM40 | C182: 80 | D182: 80 | E182: 40 | F182: N/A | G182: 100000 | H182: 51661 | I182: =G182-H182 -> 48339 | J182: 433564 | K182: 417240 | L182: =H182/G182 -> 0.51661 | M182: =J182/G182 -> 4.33564 | N182: =K182/G182 -> 4.1724 | O182: =(L182-$L$7)*162 -> 2.45214 | P182: =-(N182-$N$7)*162 -> 27.14256
A183: CF-Systematic | B183: =_xlfn.CONCAT("RNG",C183,"xERR",D183,"xARM",E183) -> RNG40xERR40xARM60 | C183: 40 | D183: 40 | E183: 60 | F183: N/A | G183: 100000 | H183: 49084 | I183: =G183-H183 -> 50916 | J183: 432599 | K183: 441520 | L183: =H183/G183 -> 0.49084 | M183: =J183/G183 -> 4.32599 | N183: =K183/G183 -> 4.4152 | O183: =(L183-$L$7)*162 -> -1.7226 | P183: =-(N183-$N$7)*162 -> -12.19104
A184: CF-Systematic | B184: =_xlfn.CONCAT("RNG",C184,"xERR",D184,"xARM",E184) -> RNG60xERR40xARM60 | C184: 60 | D184: 40 | E184: 60 | F184: N/A | G184: 100000 | H184: 49982 | I184: =G184-H184 -> 50018 | J184: 434504 | K184: 436250 | L184: =H184/G184 -> 0.49982 | M184: =J184/G184 -> 4.34504 | N184: =K184/G184 -> 4.3625 | O184: =(L184-$L$7)*162 -> -0.26784 | P184: =-(N184-$N$7)*162 -> -3.65364
A185: CF-Systematic | B185: =_xlfn.CONCAT("RNG",C185,"xERR",D185,"xARM",E185) -> RNG80xERR40xARM60 | C185: 80 | D185: 40 | E185: 60 | F185: N/A | G185: 100000 | H185: 51830 | I185: =G185-H185 -> 48170 | J185: 433203 | K185: 415472 | L185: =H185/G185 -> 0.5183 | M185: =J185/G185 -> 4.33203 | N185: =K185/G185 -> 4.15472 | O185: =(L185-$L$7)*162 -> 2.72592 | P185: =-(N185-$N$7)*162 -> 30.00672
... A209: CF-Systematic | B209: =_xlfn.CONCAT("RNG",C209,"xERR",D209,"xARM",E209) -> RNG55xERR60xARM60 | C209: 55 | D209: 60 | E209: 60 | F209: N/A | G209: 100000 | H209: 49451 | I209: =G209-H209 -> 50549 | J209: 434265 | K209: 440136 | L209: =H209/G209 -> 0.49451 | M209: =J209/G209 -> 4.34265 | N209: =K209/G209 -> 4.40136 | O209: =(L209-$L$7)*162 -> -1.12806 | P209: =-(N209-$N$7)*162 -> -9.94896
A210: LF-Systematic | B210: Baseline | C210: 50 | D210: 45 | E210: 50 | F210: N/A | G210: 100000 | H210: 50147.333 | I210: 49852.667 | J210: 434431.33 | K210: 433994.67 | L210: 0.50147333 | M210: 4.3443133 | N210: 4.3399467 | O210: n/a | P210: n/a
A211: LF-Systematic | B211: =_xlfn.CONCAT("RNG",C211,"xERR",D211,"xARM",E211) -> RNG40xERR40xARM40 | C211: 40 | D211: 40 | E211: 40 | F211: N/A | G211: 100000 | H211: 49373 | I211: =G211-H211 -> 50627 | J211: 435057 | K211: 443397 | L211: =H211/G211 -> 0.49373 | M211: =J211/G211 -> 4.35057 | N211: =K211/G211 -> 4.43397 | O211: =(L211-$L$7)*162 -> -1.25442 | P211: =-(N211-$N$7)*162 -> -15.23178
A212: LF-Systematic | B212: =_xlfn.CONCAT("RNG",C212,"xERR",D212,"xARM",E212) -> RNG60xERR40xARM40 | C212: 60 | D212: 40 | E212: 40 | F212: N/A | G212: 100000 | H212: 50864 | I212: =G212-H212 -> 49136 | J212: 433383 | K212: 424960 | L212: =H212/G212 -> 0.50864 | M212: =J212/G212 -> 4.33383 | N212: =K212/G212 -> 4.2496 | O212: =(L212-$L$7)*162 -> 1.161 | P212: =-(N212-$N$7)*162 -> 14.63616
A213: LF-Systematic | B213: =_xlfn.CONCAT("RNG",C213,"xERR",D213,"xARM",E213) -> RNG80xERR40xARM40 | C213: 80 | D213: 40 | E213: 40 | F213: N/A | G213: 100000 | H213: 50907 | I213: =G213-H213 -> 49093 | J213: 432717 | K213: 424402 | L213: =H213/G213 -> 0.50907 | M213: =J213/G213 -> 4.32717 | N213: =K213/G213 -> 4.24402 | O213: =(L213-$L$7)*162 -> 1.23066 | P213: =-(N213-$N$7)*162 -> 15.54012
A214: LF-Systematic | B214: =_xlfn.CONCAT("RNG",C214,"xERR",D214,"xARM",E214) -> RNG40xERR60xARM40 | C214: 40 | D214: 60 | E214: 40 | F214: N/A | G214: 100000 | H214: 49376 | I214: =G214-H214 -> 50624 | J214: 434144 | K214: 440559 | L214: =H214/G214 -> 0.49376 | M214: =J214/G214 -> 4.34144 | N214: =K214/G214 -> 4.40559 | O214: =(L214-$L$7)*162 -> -1.24956 | P214: =-(N214-$N$7)*162 -> -10.63422
A215: LF-Systematic | B215: =_xlfn.CONCAT("RNG",C215,"xERR",D215,"xARM",E215) -> RNG60xERR60xARM40 | C215: 60 | D215: 60 | E215: 40 | F215: N/A | G215: 100000 | H215: 51167 | I215: =G215-H215 -> 48833 | J215: 435363 | K215: 424113 | L215: =H215/G215 -> 0.51167 | M215: =J215/G215 -> 4.35363 | N215: =K215/G215 -> 4.24113 | O215: =(L215-$L$7)*162 -> 1.65186 | P215: =-(N215-$N$7)*162 -> 16.0083
A216: LF-Systematic | B216: =_xlfn.CONCAT("RNG",C216,"xERR",D216,"xARM",E216) -> RNG80xERR60xARM40 | C216: 80 | D216: 60 | E216: 40 | F216: N/A | G216: 100000 | H216: 51024 | I216: =G216-H216 -> 48976 | J216: 434083 | K216: 424462 | L216: =H216/G216 -> 0.51024 | M216: =J216/G216 -> 4.34083 | N216: =K216/G216 -> 4.24462 | O216: =(L216-$L$7)*162 -> 1.4202 | P216: =-(N216-$N$7)*162 -> 15.44292
A217: LF-Systematic | B217: =_xlfn.CONCAT("RNG",C217,"xERR",D217,"xARM",E217) -> RNG40xERR80xARM40 | C217: 40 | D217: 80 | E217: 40 | F217: N/A | G217: 100000 | H217: 49182 | I217: =G217-H217 -> 50818 | J217: 433590 | K217: 441486 | L217: =H217/G217 -> 0.49182 | M217: =J217/G217 -> 4.3359 | N217: =K217/G217 -> 4.41486 | O217: =(L217-$L$7)*162 -> -1.56384 | P217: =-(N217-$N$7)*162 -> -12.13596
A218: LF-Systematic | B218: =_xlfn.CONCAT("RNG",C218,"xERR",D218,"xARM",E218) -> RNG60xERR80xARM40 | C218: 60 | D218: 80 | E218: 40 | F218: N/A | G218: 100000 | H218: 50907 | I218: =G218-H218 -> 49093 | J218: 433786 | K218: 423917 | L218: =H218/G218 -> 0.50907 | M218: =J218/G218 -> 4.33786 | N218: =K218/G218 -> 4.23917 | O218: =(L218-$L$7)*162 -> 1.23066 | P218: =-(N218-$N$7)*162 -> 16.32582
A219: LF-Systematic | B219: =_xlfn.CONCAT("RNG",C219,"xERR",D219,"xARM",E219) -> RNG80xERR80xARM40 | C219: 80 | D219: 80 | E219: 40 | F219: N/A | G219: 100000 | H219: 51178 | I219: =G219-H219 -> 48822 | J219: 434132 | K219: 424415 | L219: =H219/G219 -> 0.51178 | M219: =J219/G219 -> 4.34132 | N219: =K219/G219 -> 4.24415 | O219: =(L219-$L$7)*162 -> 1.66968 | P219: =-(N219-$N$7)*162 -> 15.51906
A220: LF-Systematic | B220: =_xlfn.CONCAT("RNG",C220,"xERR",D220,"xARM",E220) -> RNG40xERR40xARM60 | C220: 40 | D220: 40 | E220: 60 | F220: N/A | G220: 100000 | H220: 49744 | I220: =G220-H220 -> 50256 | J220: 435760 | K220: 440004 | L220: =H220/G220 -> 0.49744 | M220: =J220/G220 -> 4.3576 | N220: =K220/G220 -> 4.40004 | O220: =(L220-$L$7)*162 -> -0.6534 | P220: =-(N220-$N$7)*162 -> -9.73512
A221: LF-Systematic | B221: =_xlfn.CONCAT("RNG",C221,"xERR",D221,"xARM",E221) -> RNG60xERR40xARM60 | C221: 60 | D221: 40 | E221: 60 | F221: N/A | G221: 100000 | H221: 51349 | I221: =G221-H221 -> 48651 | J221: 433148 | K221: 421780 | L221: =H221/G221 -> 0.51349 | M221: =J221/G221 -> 4.33148 | N221: =K221/G221 -> 4.2178 | O221: =(L221-$L$7)*162 -> 1.9467 | P221: =-(N221-$N$7)*162 -> 19.78776
...

Sheet Fielding recal
H2: Team A | I2: Team A | J2: Team A | K2: Team A | L2: Team A | M2: Team A | N2: Team A | O2: Team A | P2: Team A
A3: Position | B3: Name | C3: Range/Blocking | D3: Error/Framing | E3: Arm | F3: Turn DP | G3: Games | H3: W | I3: L | J3: Runs scored | K3: Runs allowed | L3: winpct | M3: run score/G | N3: run conc/G | O3: win/162 delta | P3: run/162 delta
B4: Baseline | G4: 100000 | H4: 49765 | I4: =G4-H4 -> 50235 | J4: 413894 | K4: 415919 | L4: =H4/G4 -> 0.49765 | M4: =J4/G4 -> 4.13894 | N4: =K4/G4 -> 4.15919
B5: Baseline | G5: 100000 | H5: 50092 | I5: =G5-H5 -> 49908 | J5: 414644 | K5: 414251 | L5: =H5/G5 -> 0.50092 | M5: =J5/G5 -> 4.14644 | N5: =K5/G5 -> 4.14251
B6: Baseline | G6: 100000 | H6: 49980 | I6: =G6-H6 -> 50020 | J6: 415709 | K6: 416539 | L6: =H6/G6 -> 0.4998 | M6: =J6/G6 -> 4.15709 | N6: =K6/G6 -> 4.16539
A7: C | B7: Baseline | C7: 55 | D7: 55 | E7: 55 | G7: 100000 | H7: 49945.667 | I7: 50054.333 | J7: 414749 | K7: 415569.67 | L7: 0.49945667 | M7: 4.14749 | N7: 4.1556967 | O7: n/a | P7: n/a
A8: C | B8: =_xlfn.CONCAT("BLK",C8,"xFRM",D8,"xARM",E8) -> BLK20xFRM20xARM20 | C8: 20 | D8: 20 | E8: 20 | G8: 100000 | H8: 46751 | I8: =G8-H8 -> 53249 | J8: 413786 | K8: 444647 | L8: =H8/G8 -> 0.46751 | M8: =J8/G8 -> 4.13786 | N8: =K8/G8 -> 4.44647 | O8: =(L8-$L$86)*162 -> -5.17536 | P8: =-(N8-$N$86)*162 -> -47.10528
A9: C | B9: =_xlfn.CONCAT("BLK",C9,"xFRM",D9,"xARM",E9) -> BLK80xFRM80xARM80 | C9: 80 | D9: 80 | E9: 80 | G9: 100000 | H9: 51038 | I9: =G9-H9 -> 48962 | J9: 414656 | K9: 406109 | L9: =H9/G9 -> 0.51038 | M9: =J9/G9 -> 4.14656 | N9: =K9/G9 -> 4.06109 | O9: =(L9-$L$86)*162 -> 1.76958 | P9: =-(N9-$N$86)*162 -> 15.32628
A10: C | B10: =_xlfn.CONCAT("BLK",C10,"xFRM",D10,"xARM",E10) -> BLK55xFRM20xARM55 | C10: 55 | D10: 20 | E10: 55 | G10: 100000 | H10: 47454 | I10: =G10-H10 -> 52546 | J10: 414960 | K10: 439159 | L10: =H10/G10 -> 0.47454 | M10: =J10/G10 -> 4.1496 | N10: =K10/G10 -> 4.39159 | O10: =(L10-$L$86)*162 -> -4.0365 | P10: =-(N10-$N$86)*162 -> -38.21472
A11: C | B11: =_xlfn.CONCAT("BLK",C11,"xFRM",D11,"xARM",E11) -> BLK55xFRM30xARM55 | C11: 55 | D11: 30 | E11: 55 | G11: 100000 | H11: 47887 | I11: =G11-H11 -> 52113 | J11: 415867 | K11: 436120 | L11: =H11/G11 -> 0.47887 | M11: =J11/G11 -> 4.15867 | N11: =K11/G11 -> 4.3612 | O11: =(L11-$L$86)*162 -> -3.33504 | P11: =-(N11-$N$86)*162 -> -33.29154
A12: C | B12: =_xlfn.CONCAT("BLK",C12,"xFRM",D12,"xARM",E12) -> BLK55xFRM40xARM55 | C12: 55 | D12: 40 | E12: 55 | G12: 100000 | H12: 48684 | I12: =G12-H12 -> 51316 | J12: 415923 | K12: 427999 | L12: =H12/G12 -> 0.48684 | M12: =J12/G12 -> 4.15923 | N12: =K12/G12 -> 4.27999 | O12: =(L12-$L$86)*162 -> -2.0439 | P12: =-(N12-$N$86)*162 -> -20.13552
A13: C | B13: =_xlfn.CONCAT("BLK",C13,"xFRM",D13,"xARM",E13) -> BLK55xFRM45xARM55 | C13: 55 | D13: 45 | E13: 55 | G13: 100000 | H13: 49145 | I13: =G13-H13 -> 50855 | J13: 416235 | K13: 423283 | L13: =H13/G13 -> 0.49145 | M13: =J13/G13 -> 4.16235 | N13: =K13/G13 -> 4.23283 | O13: =(L13-$L$86)*162 -> -1.29708 | P13: =-(N13-$N$86)*162 -> -12.4956
A14: C | B14: =_xlfn.CONCAT("BLK",C14,"xFRM",D14,"xARM",E14) -> BLK55xFRM50xARM55 | C14: 55 | D14: 50 | E14: 55 | G14: 100000 | H14: 49933 | I14: =G14-H14 -> 50067 | J14: 416983 | K14: 418313 | L14: =H14/G14 -> 0.49933 | M14: =J14/G14 -> 4.16983 | N14: =K14/G14 -> 4.18313 | O14: =(L14-$L$86)*162 -> -0.02052 | P14: =-(N14-$N$86)*162 -> -4.4442
A15: C | B15: =_xlfn.CONCAT("BLK",C15,"xFRM",D15,"xARM",E15) -> BLK55xFRM60xARM55 | C15: 55 | D15: 60 | E15: 55 | G15: 100000 | H15: 50419 | I15: =G15-H15 -> 49581 | J15: 416968 | K15: 412370 | L15: =H15/G15 -> 0.50419 | M15: =J15/G15 -> 4.16968 | N15: =K15/G15 -> 4.1237 | O15: =(L15-$L$86)*162 -> 0.7668 | P15: =-(N15-$N$86)*162 -> 5.18346
A16: C | B16: =_xlfn.CONCAT("BLK",C16,"xFRM",D16,"xARM",E16) -> BLK55xFRM65xARM55 | C16: 55 | D16: 65 | E16: 55 | G16: 100000 | H16: 50664 | I16: =G16-H16 -> 49336 | J16: 415568 | K16: 409859 | L16: =H16/G16 -> 0.50664 | M16: =J16/G16 -> 4.15568 | N16: =K16/G16 -> 4.09859 | O16: =(L16-$L$86)*162 -> 1.1637 | P16: =-(N16-$N$86)*162 -> 9.25128
A17: C | B17: =_xlfn.CONCAT("BLK",C17,"xFRM",D17,"xARM",E17) -> BLK55xFRM70xARM55 | C17: 55 | D17: 70 | E17: 55 | G17: 100000 | H17: 50339 | I17: =G17-H17 -> 49661 | J17: 414243 | K17: 410691 | L17: =H17/G17 -> 0.50339 | M17: =J17/G17 -> 4.14243 | N17: =K17/G17 -> 4.10691 | O17: =(L17-$L$86)*162 -> 0.6372 | P17: =-(N17-$N$86)*162 -> 7.90344
A18: C | B18: =_xlfn.CONCAT("BLK",C18,"xFRM",D18,"xARM",E18) -> BLK55xFRM80xARM55 | C18: 55 | D18: 80 | E18: 55 | G18: 100000 | H18: 50542 | I18: =G18-H18 -> 49458 | J18: 414913 | K18: 410988 | L18: =H18/G18 -> 0.50542 | M18: =J18/G18 -> 4.14913 | N18: =K18/G18 -> 4.10988 | O18: =(L18-$L$86)*162 -> 0.96606 | P18: =-(N18-$N$86)*162 -> 7.4223
A19: C | B19: =_xlfn.CONCAT("BLK",C19,"xFRM",D19,"xARM",E19) -> BLK20xFRM55xARM55 | C19: 20 | D19: 55 | E19: 55 | G19: 100000 | H19: 49912 | I19: =G19-H19 -> 50088 | J19: 415769 | K19: 416786 | L19: =H19/G19 -> 0.49912 | M19: =J19/G19 -> 4.15769 | N19: =K19/G19 -> 4.16786 | O19: =(L19-$L$86)*162 -> -0.05454 | P19: =-(N19-$N$86)*162 -> -1.97046
... A22: C | B22: =_xlfn.CONCAT("BLK",C22,"xFRM",D22,"xARM",E22) -> BLK55xFRM55xARM80 | C22: 55 | D22: 55 | E22: 80 | G22: 100000 | H22: 50045 | I22: =G22-H22 -> 49955 | J22: 415546 | K22: 414352 | L22: =H22/G22 -> 0.50045 | M22: =J22/G22 -> 4.15546 | N22: =K22/G22 -> 4.14352 | O22: =(L22-$L$86)*162 -> 0.16092 | P22: =-(N22-$N$86)*162 -> 1.97262
A23: 1B | B23: Baseline Average | C23: 35 | D23: 35 | E23: 35 | F23: 35 | G23: 100000 | H23: =AVERAGE(H4:H6) -> 49945.667 | I23: =G23-H23 -> 50054.333 | J23: =AVERAGE(J4:J6) -> 414749 | K23: =AVERAGE(K4:K6) -> 415569.67 | L23: =H23/G23 -> 0.49945667 | M23: =J23/G23 -> 4.14749 | N23: =K23/G23 -> 4.1556967 | O23: n/a | P23: n/a
A24: 1B | B24: =_xlfn.CONCAT("RNG",C24,"xERR",D24,"xARM",E24,"xTDP",F24) -> RNG20xERR20xARM20xTDP20 | C24: 20 | D24: 20 | E24: 20 | F24: 20 | G24: 100000 | H24: 49736 | I24: =G24-H24 -> 50264 | J24: 415773 | K24: 417744 | L24: =H24/G24 -> 0.49736 | M24: =J24/G24 -> 4.15773 | N24: =K24/G24 -> 4.17744 | O24: =(L24-$L$86)*162 -> -0.33966 | P24: =-(N24-$N$86)*162 -> -3.52242
A25: 1B | B25: =_xlfn.CONCAT("RNG",C25,"xERR",D25,"xARM",E25,"xTDP",F25) -> RNG80xERR80xARM80xTDP80 | C25: 80 | D25: 80 | E25: 80 | F25: 80 | G25: 100000 | H25: 50623 | I25: =G25-H25 -> 49377 | J25: 415236 | K25: 409497 | L25: =H25/G25 -> 0.50623 | M25: =J25/G25 -> 4.15236 | N25: =K25/G25 -> 4.09497 | O25: =(L25-$L$86)*162 -> 1.09728 | P25: =-(N25-$N$86)*162 -> 9.83772
A26: 1B | B26: =_xlfn.CONCAT("RNG",C26,"xERR",D26,"xARM",E26,"xTDP",F26) -> RNG20xERR35xARM35xTDP35 | C26: 20 | D26: 35 | E26: 35 | F26: 35 | G26: 100000 | H26: 50116 | I26: =G26-H26 -> 49884 | J26: 416917 | K26: 416667 | L26: =H26/G26 -> 0.50116 | M26: =J26/G26 -> 4.16917 | N26: =K26/G26 -> 4.16667 | O26: =(L26-$L$86)*162 -> 0.27594 | P26: =-(N26-$N$86)*162 -> -1.77768
A27: 1B | B27: =_xlfn.CONCAT("RNG",C27,"xERR",D27,"xARM",E27,"xTDP",F27) -> RNG80xERR35xARM35xTDP35 | C27: 80 | D27: 35 | E27: 35 | F27: 35 | G27: 100000 | H27: 50562 | I27: =G27-H27 -> 49438 | J27: 415923 | K27: 411393 | L27: =H27/G27 -> 0.50562 | M27: =J27/G27 -> 4.15923 | N27: =K27/G27 -> 4.11393 | O27: =(L27-$L$86)*162 -> 0.99846 | P27: =-(N27-$N$86)*162 -> 6.7662
A28: 1B | B28: =_xlfn.CONCAT("RNG",C28,"xERR",D28,"xARM",E28,"xTDP",F28) -> RNG35xERR20xARM35xTDP35 | C28: 35 | D28: 20 | E28: 35 | F28: 35 | G28: 100000 | H28: 49786 | I28: =G28-H28 -> 50214 | J28: 414940 | K28: 415168 | L28: =H28/G28 -> 0.49786 | M28: =J28/G28 -> 4.1494 | N28: =K28/G28 -> 4.15168 | O28: =(L28-$L$86)*162 -> -0.25866 | P28: =-(N28-$N$86)*162 -> 0.6507
A29: 1B | B29: =_xlfn.CONCAT("RNG",C29,"xERR",D29,"xARM",E29,"xTDP",F29) -> RNG35xERR80xARM35xTDP35 | C29: 35 | D29: 80 | E29: 35 | F29: 35 | G29: 100000 | H29: 49936 | I29: =G29-H29 -> 50064 | J29: 415303 | K29: 414700 | L29: =H29/G29 -> 0.49936 | M29: =J29/G29 -> 4.15303 | N29: =K29/G29 -> 4.147 | O29: =(L29-$L$86)*162 -> -0.01566 | P29: =-(N29-$N$86)*162 -> 1.40886
A30: 1B | B30: =_xlfn.CONCAT("RNG",C30,"xERR",D30,"xARM",E30,"xTDP",F30) -> RNG35xERR35xARM20xTDP35 | C30: 35 | D30: 35 | E30: 20 | F30: 35 | G30: 100000 | H30: 49989 | I30: =G30-H30 -> 50011 | J30: 414308 | K30: 413795 | L30: =H30/G30 -> 0.49989 | M30: =J30/G30 -> 4.14308 | N30: =K30/G30 -> 4.13795 | O30: =(L30-$L$86)*162 -> 0.0702 | P30: =-(N30-$N$86)*162 -> 2.87496
A31: 1B | B31: =_xlfn.CONCAT("RNG",C31,"xERR",D31,"xARM",E31,"xTDP",F31) -> RNG35xERR35xARM80xTDP35 | C31: 35 | D31: 35 | E31: 80 | F31: 35 | G31: 100000 | H31: 50205 | I31: =G31-H31 -> 49795 | J31: 414767 | K31: 413321 | L31: =H31/G31 -> 0.50205 | M31: =J31/G31 -> 4.14767 | N31: =K31/G31 -> 4.13321 | O31: =(L31-$L$86)*162 -> 0.42012 | P31: =-(N31-$N$86)*162 -> 3.64284
A32: 1B | B32: =_xlfn.CONCAT("RNG",C32,"xERR",D32,"xARM",E32,"xTDP",F32) -> RNG35xERR35xARM35xTDP20 | C32: 35 | D32: 35 | E32: 35 | F32: 20 | G32: 100000 | H32: 50410 | I32: =G32-H32 -> 49590 | J32: 417865 | K32: 414187 | L32: =H32/G32 -> 0.5041 | M32: =J32/G32 -> 4.17865 | N32: =K32/G32 -> 4.14187 | O32: =(L32-$L$86)*162 -> 0.75222 | P32: =-(N32-$N$86)*162 -> 2.23992
A33: 1B | B33: =_xlfn.CONCAT("RNG",C33,"xERR",D33,"xARM",E33,"xTDP",F33) -> RNG35xERR35xARM35xTDP80 | C33: 35 | D33: 35 | E33: 35 | F33: 80 | G33: 100000 | H33: 50115 | I33: =G33-H33 -> 49885 | J33: 415640 | K33: 414673 | L33: =H33/G33 -> 0.50115 | M33: =J33/G33 -> 4.1564 | N33: =K33/G33 -> 4.14673 | O33: =(L33-$L$86)*162 -> 0.27432 | P33: =-(N33-$N$86)*162 -> 1.4526
A34: 2B | B34: Baseline Average | C34: 55 | D34: 55 | E34: 50 | F34: 55 | G34: 100000 | H34: 49945.667 | I34: 50054.333 | J34: 414749 | K34: 415569.67 | L34: 0.49945667 | M34: 4.14749 | N34: 4.1556967 | O34: n/a | P34: n/a
A35: 2B | B35: =_xlfn.CONCAT("RNG",C35,"xERR",D35,"xARM",E35,"xTDP",F35) -> RNG20xERR20xARM20xTDP20 | C35: 20 | D35: 20 | E35: 20 | F35: 20 | G35: 100000 | H35: 46275 | I35: =G35-H35 -> 53725 | J35: 414601 | K35: 451988 | L35: =H35/G35 -> 0.46275 | M35: =J35/G35 -> 4.14601 | N35: =K35/G35 -> 4.51988 | O35: =(L35-$L$86)*162 -> -5.94648 | P35: =-(N35-$N$86)*162 -> -58.9977
A36: 2B | B36: =_xlfn.CONCAT("RNG",C36,"xERR",D36,"xARM",E36,"xTDP",F36) -> RNG80xERR80xARM80xTDP80 | C36: 80 | D36: 80 | E36: 80 | F36: 80 | G36: 100000 | H36: 50523 | I36: =G36-H36 -> 49477 | J36: 415708 | K36: 410767 | L36: =H36/G36 -> 0.50523 | M36: =J36/G36 -> 4.15708 | N36: =K36/G36 -> 4.10767 | O36: =(L36-$L$86)*162 -> 0.93528 | P36: =-(N36-$N$86)*162 -> 7.78032
A37: 2B | B37: =_xlfn.CONCAT("RNG",C37,"xERR",D37,"xARM",E37,"xTDP",F37) -> RNG20xERR55xARM50xTDP55 | C37: 20 | D37: 55 | E37: 50 | F37: 55 | G37: 100000 | H37: 47665 | I37: =G37-H37 -> 52335 | J37: 416656 | K37: 438463 | L37: =H37/G37 -> 0.47665 | M37: =J37/G37 -> 4.16656 | N37: =K37/G37 -> 4.38463 | O37: =(L37-$L$86)*162 -> -3.69468 | P37: =-(N37-$N$86)*162 -> -37.0872
A38: 2B | B38: =_xlfn.CONCAT("RNG",C38,"xERR",D38,"xARM",E38,"xTDP",F38) -> RNG40xERR55xARM50xTDP55 | C38: 40 | D38: 55 | E38: 50 | F38: 55 | G38: 100000 | H38: 47778 | I38: =G38-H38 -> 52222 | J38: 413683 | K38: 435437 | L38: =H38/G38 -> 0.47778 | M38: =J38/G38 -> 4.13683 | N38: =K38/G38 -> 4.35437 | O38: =(L38-$L$86)*162 -> -3.51162 | P38: =-(N38-$N$86)*162 -> -32.18508
A39: 2B | B39: =_xlfn.CONCAT("RNG",C39,"xERR",D39,"xARM",E39,"xTDP",F39) -> RNG50xERR55xARM50xTDP55 | C39: 50 | D39: 55 | E39: 50 | F39: 55 | G39: 100000 | H39: 48526 | I39: =G39-H39 -> 51474 | J39: 415551 | K39: 431220 | L39: =H39/G39 -> 0.48526 | M39: =J39/G39 -> 4.15551 | N39: =K39/G39 -> 4.3122 | O39: =(L39-$L$86)*162 -> -2.29986 | P39: =-(N39-$N$86)*162 -> -25.35354
A40: 2B | B40: =_xlfn.CONCAT("RNG",C40,"xERR",D40,"xARM",E40,"xTDP",F40) -> RNG60xERR55xARM50xTDP55 | C40: 60 | D40: 55 | E40: 50 | F40: 55 | G40: 100000 | H40: 50026 | I40: =G40-H40 -> 49974 | J40: 414326 | K40: 413870 | L40: =H40/G40 -> 0.50026 | M40: =J40/G40 -> 4.14326 | N40: =K40/G40 -> 4.1387 | O40: =(L40-$L$86)*162 -> 0.13014 | P40: =-(N40-$N$86)*162 -> 2.75346
A41: 2B | B41: =_xlfn.CONCAT("RNG",C41,"xERR",D41,"xARM",E41,"xTDP",F41) -> RNG65xERR55xARM50xTDP55 | C41: 65 | D41: 55 | E41: 50 | F41: 55 | G41: 100000 | H41: 49941 | I41: =G41-H41 -> 50059 | J41: 414630 | K41: 414048 | L41: =H41/G41 -> 0.49941 | M41: =J41/G41 -> 4.1463 | N41: =K41/G41 -> 4.14048 | O41: =(L41-$L$86)*162 -> -0.00756 | P41: =-(N41-$N$86)*162 -> 2.4651
A42: 2B | B42: =_xlfn.CONCAT("RNG",C42,"xERR",D42,"xARM",E42,"xTDP",F42) -> RNG70xERR55xARM50xTDP55 | C42: 70 | D42: 55 | E42: 50 | F42: 55 | G42: 100000 | H42: 50060 | I42: =G42-H42 -> 49940 | J42: 415341 | K42: 414307 | L42: =H42/G42 -> 0.5006 | M42: =J42/G42 -> 4.15341 | N42: =K42/G42 -> 4.14307 | O42: =(L42-$L$86)*162 -> 0.18522 | P42: =-(N42-$N$86)*162 -> 2.04552
A43: 2B | B43: =_xlfn.CONCAT("RNG",C43,"xERR",D43,"xARM",E43,"xTDP",F43) -> RNG80xERR55xARM50xTDP55 | C43: 80 | D43: 55 | E43: 50 | F43: 55 | G43: 100000 | H43: 49922 | I43: =G43-H43 -> 50078 | J43: 415474 | K43: 415755 | L43: =H43/G43 -> 0.49922 | M43: =J43/G43 -> 4.15474 | N43: =K43/G43 -> 4.15755 | O43: =(L43-$L$86)*162 -> -0.03834 | P43: =-(N43-$N$86)*162 -> -0.30024
A44: 2B | B44: =_xlfn.CONCAT("RNG",C44,"xERR",D44,"xARM",E44,"xTDP",F44) -> RNG55xERR55xARM50xTDP20 | C44: 55 | D44: 55 | E44: 50 | F44: 20 | G44: 100000 | H44: 48722 | I44: =G44-H44 -> 51278 | J44: 415126 | K44: 427132 | L44: =H44/G44 -> 0.48722 | M44: =J44/G44 -> 4.15126 | N44: =K44/G44 -> 4.27132 | O44: =(L44-$L$86)*162 -> -1.98234 | P44: =-(N44-$N$86)*162 -> -18.73098
A45: 2B | B45: =_xlfn.CONCAT("RNG",C45,"xERR",D45,"xARM",E45,"xTDP",F45) -> RNG55xERR55xARM50xTDP40 | C45: 55 | D45: 55 | E45: 50 | F45: 40 | G45: 100000 | H45: 49437 | I45: =G45-H45 -> 50563 | J45: 414557 | K45: 419520 | L45: =H45/G45 -> 0.49437 | M45: =J45/G45 -> 4.14557 | N45: =K45/G45 -> 4.1952 | O45: =(L45-$L$86)*162 -> -0.82404 | P45: =-(N45-$N$86)*162 -> -6.39954
A46: 2B | B46: =_xlfn.CONCAT("RNG",C46,"xERR",D46,"xARM",E46,"xTDP",F46) -> RNG55xERR55xARM50xTDP45 | C46: 55 | D46: 55 | E46: 50 | F46: 45 | G46: 100000 | H46: 49659 | I46: =G46-H46 -> 50341 | J46: 415019 | K46: 419119 | L46: =H46/G46 -> 0.49659 | M46: =J46/G46 -> 4.15019 | N46: =K46/G46 -> 4.19119 | O46: =(L46-$L$86)*162 -> -0.4644 | P46: =-(N46-$N$86)*162 -> -5.74992
... A58: 2B | B58: =_xlfn.CONCAT("RNG",C58,"xERR",D58,"xARM",E58,"xTDP",F58) -> RNG65xERR65xARM65xTDP65 | C58: 65 | D58: 65 | E58: 65 | F58: 65 | G58: 100000 | H58: 50168 | I58: =G58-H58 -> 49832 | J58: 414007 | K58: 412211 | L58: =H58/G58 -> 0.50168 | M58: =J58/G58 -> 4.14007 | N58: =K58/G58 -> 4.12211 | O58: =(L58-$L$86)*162 -> 0.36018 | P58: =-(N58-$N$86)*162 -> 5.44104
A59: 3B | B59: Baseline Average | C59: 50 | D59: 55 | E59: 60 | F59: 50 | G59: 100000 | H59: 49945.667 | I59: 50054.333 | J59: 414749 | K59: 415569.67 | L59: 0.49945667 | M59: 4.14749 | N59: 4.1556967 | O59: n/a | P59: n/a
A60: 3B | B60: =_xlfn.CONCAT("RNG",C60,"xERR",D60,"xARM",E60,"xTDP",F60) -> RNG20xERR20xARM20xTDP20 | C60: 20 | D60: 20 | E60: 20 | F60: 20 | G60: 100000 | H60: 47576 | I60: =G60-H60 -> 52424 | J60: 414601 | K60: 438552 | L60: =H60/G60 -> 0.47576 | M60: =J60/G60 -> 4.14601 | N60: =K60/G60 -> 4.38552 | O60: =(L60-$L$86)*162 -> -3.83886 | P60: =-(N60-$N$86)*162 -> -37.23138
A61: 3B | B61: =_xlfn.CONCAT("RNG",C61,"xERR",D61,"xARM",E61,"xTDP",F61) -> RNG80xERR80xARM80xTDP80 | C61: 80 | D61: 80 | E61: 80 | F61: 80 | G61: 100000 | H61: 51372 | I61: =G61-H61 -> 48628 | J61: 414437 | K61: 400887 | L61: =H61/G61 -> 0.51372 | M61: =J61/G61 -> 4.14437 | N61: =K61/G61 -> 4.00887 | O61: =(L61-$L$86)*162 -> 2.31066 | P61: =-(N61-$N$86)*162 -> 23.78592
A62: 3B | B62: =_xlfn.CONCAT("RNG",C62,"xERR",D62,"xARM",E62,"xTDP",F62) -> RNG20xERR55xARM60xTDP50 | C62: 20 | D62: 55 | E62: 60 | F62: 50 | G62: 100000 | H62: 48287 | I62: =G62-H62 -> 51713 | J62: 415804 | K62: 432299 | L62: =H62/G62 -> 0.48287 | M62: =J62/G62 -> 4.15804 | N62: =K62/G62 -> 4.32299 | O62: =(L62-$L$86)*162 -> -2.68704 | P62: =-(N62-$N$86)*162 -> -27.10152
A63: 3B | B63: =_xlfn.CONCAT("RNG",C63,"xERR",D63,"xARM",E63,"xTDP",F63) -> RNG40xERR55xARM60xTDP50 | C63: 40 | D63: 55 | E63: 60 | F63: 50 | G63: 100000 | H63: 48919 | I63: =G63-H63 -> 51081 | J63: 414437 | K63: 423277 | L63: =H63/G63 -> 0.48919 | M63: =J63/G63 -> 4.14437 | N63: =K63/G63 -> 4.23277 | O63: =(L63-$L$86)*162 -> -1.6632 | P63: =-(N63-$N$86)*162 -> -12.48588
A64: 3B | B64: =_xlfn.CONCAT("RNG",C64,"xERR",D64,"xARM",E64,"xTDP",F64) -> RNG45xERR55xARM60xTDP50 | C64: 45 | D64: 55 | E64: 60 | F64: 50 | G64: 100000 | H64: 49501 | I64: =G64-H64 -> 50499 | J64: 415887 | K64: 421819 | L64: =H64/G64 -> 0.49501 | M64: =J64/G64 -> 4.15887 | N64: =K64/G64 -> 4.21819 | O64: =(L64-$L$86)*162 -> -0.72036 | P64: =-(N64-$N$86)*162 -> -10.12392
A65: 3B | B65: =_xlfn.CONCAT("RNG",C65,"xERR",D65,"xARM",E65,"xTDP",F65) -> RNG55xERR55xARM60xTDP50 | C65: 55 | D65: 55 | E65: 60 | F65: 50 | G65: 100000 | H65: 50933 | I65: =G65-H65 -> 49067 | J65: 414215 | K65: 404752 | L65: =H65/G65 -> 0.50933 | M65: =J65/G65 -> 4.14215 | N65: =K65/G65 -> 4.04752 | O65: =(L65-$L$86)*162 -> 1.59948 | P65: =-(N65-$N$86)*162 -> 17.52462
A66: 3B | B66: =_xlfn.CONCAT("RNG",C66,"xERR",D66,"xARM",E66,"xTDP",F66) -> RNG60xERR55xARM60xTDP50 | C66: 60 | D66: 55 | E66: 60 | F66: 50 | G66: 100000 | H66: 51439 | I66: =G66-H66 -> 48561 | J66: 415702 | K66: 402140 | L66: =H66/G66 -> 0.51439 | M66: =J66/G66 -> 4.15702 | N66: =K66/G66 -> 4.0214 | O66: =(L66-$L$86)*162 -> 2.4192 | P66: =-(N66-$N$86)*162 -> 21.75606
A67: 3B | B67: =_xlfn.CONCAT("RNG",C67,"xERR",D67,"xARM",E67,"xTDP",F67) -> RNG70xERR55xARM60xTDP50 | C67: 70 | D67: 55 | E67: 60 | F67: 50 | G67: 100000 | H67: 51302 | I67: =G67-H67 -> 48698 | J67: 416002 | K67: 404727 | L67: =H67/G67 -> 0.51302 | M67: =J67/G67 -> 4.16002 | N67: =K67/G67 -> 4.04727 | O67: =(L67-$L$86)*162 -> 2.19726 | P67: =-(N67-$N$86)*162 -> 17.56512
A68: 3B | B68: =_xlfn.CONCAT("RNG",C68,"xERR",D68,"xARM",E68,"xTDP",F68) -> RNG80xERR55xARM60xTDP50 | C68: 80 | D68: 55 | E68: 60 | F68: 50 | G68: 100000 | H68: 51238 | I68: =G68-H68 -> 48762 | J68: 415254 | K68: 404166 | L68: =H68/G68 -> 0.51238 | M68: =J68/G68 -> 4.15254 | N68: =K68/G68 -> 4.04166 | O68: =(L68-$L$86)*162 -> 2.09358 | P68: =-(N68-$N$86)*162 -> 18.47394
A69: 3B | B69: =_xlfn.CONCAT("RNG",C69,"xERR",D69,"xARM",E69,"xTDP",F69) -> RNG50xERR55xARM20xTDP50 | C69: 50 | D69: 55 | E69: 20 | F69: 50 | G69: 100000 | H69: 48095 | I69: =G69-H69 -> 51905 | J69: 414511 | K69: 433031 | L69: =H69/G69 -> 0.48095 | M69: =J69/G69 -> 4.14511 | N69: =K69/G69 -> 4.33031 | O69: =(L69-$L$86)*162 -> -2.99808 | P69: =-(N69-$N$86)*162 -> -28.28736
A70: 3B | B70: =_xlfn.CONCAT("RNG",C70,"xERR",D70,"xARM",E70,"xTDP",F70) -> RNG50xERR55xARM40xTDP50 | C70: 50 | D70: 55 | E70: 40 | F70: 50 | G70: 100000 | H70: 48133 | I70: =G70-H70 -> 51867 | J70: 414073 | K70: 431339 | L70: =H70/G70 -> 0.48133 | M70: =J70/G70 -> 4.14073 | N70: =K70/G70 -> 4.31339 | O70: =(L70-$L$86)*162 -> -2.93652 | P70: =-(N70-$N$86)*162 -> -25.54632
A71: 3B | B71: =_xlfn.CONCAT("RNG",C71,"xERR",D71,"xARM",E71,"xTDP",F71) -> RNG50xERR55xARM45xTDP50 | C71: 50 | D71: 55 | E71: 45 | F71: 50 | G71: 100000 | H71: 48681 | I71: =G71-H71 -> 51319 | J71: 415322 | K71: 427915 | L71: =H71/G71 -> 0.48681 | M71: =J71/G71 -> 4.15322 | N71: =K71/G71 -> 4.27915 | O71: =(L71-$L$86)*162 -> -2.04876 | P71: =-(N71-$N$86)*162 -> -19.99944
... A85: 3B | B85: =_xlfn.CONCAT("RNG",C85,"xERR",D85,"xARM",E85,"xTDP",F85) -> RNG80xERR50xARM80xTDP50 | C85: 80 | D85: 50 | E85: 80 | F85: 50 | G85: 100000 | H85: 51371 | I85: =G85-H85 -> 48629 | J85: 415305 | K85: 403212 | L85: =H85/G85 -> 0.51371 | M85: =J85/G85 -> 4.15305 | N85: =K85/G85 -> 4.03212 | O85: =(L85-$L$86)*162 -> 2.30904 | P85: =-(N85-$N$86)*162 -> 20.01942
A86: SS | B86: Baseline Average | C86: 60 | D86: 60 | E86: 60 | F86: 60 | G86: 100000 | H86: 49945.667 | I86: 50054.333 | J86: 414749 | K86: 415569.67 | L86: 0.49945667 | M86: 4.14749 | N86: 4.1556967 | O86: n/a | P86: n/a
A87: SS | B87: =_xlfn.CONCAT("RNG",C87,"xERR",D87,"xARM",E87,"xTDP",F87) -> RNG20xERR20xARM20xTDP20 | C87: 20 | D87: 20 | E87: 20 | F87: 20 | G87: 100000 | H87: 47165 | I87: =G87-H87 -> 52835 | J87: 417367 | K87: 445046 | L87: =H87/G87 -> 0.47165 | M87: =J87/G87 -> 4.17367 | N87: =K87/G87 -> 4.45046 | O87: =(L87-$L$86)*162 -> -4.50468 | P87: =-(N87-$N$86)*162 -> -47.75166
A88: SS | B88: =_xlfn.CONCAT("RNG",C88,"xERR",D88,"xARM",E88,"xTDP",F88) -> RNG80xERR80xARM80xTDP80 | C88: 80 | D88: 80 | E88: 80 | F88: 80 | G88: 100000 | H88: 51724 | I88: =G88-H88 -> 48276 | J88: 415854 | K88: 400604 | L88: =H88/G88 -> 0.51724 | M88: =J88/G88 -> 4.15854 | N88: =K88/G88 -> 4.00604 | O88: =(L88-$L$86)*162 -> 2.8809 | P88: =-(N88-$N$86)*162 -> 24.24438
A89: SS | B89: =_xlfn.CONCAT("RNG",C89,"xERR",D89,"xARM",E89,"xTDP",F89) -> RNG20xERR60xARM60xTDP60 | C89: 20 | D89: 60 | E89: 60 | F89: 60 | G89: 100000 | H89: 48141 | I89: =G89-H89 -> 51859 | J89: 415669 | K89: 431960 | L89: =H89/G89 -> 0.48141 | M89: =J89/G89 -> 4.15669 | N89: =K89/G89 -> 4.3196 | O89: =(L89-$L$86)*162 -> -2.92356 | P89: =-(N89-$N$86)*162 -> -26.55234
A90: SS | B90: =_xlfn.CONCAT("RNG",C90,"xERR",D90,"xARM",E90,"xTDP",F90) -> RNG40xERR60xARM60xTDP60 | C90: 40 | D90: 60 | E90: 60 | F90: 60 | G90: 100000 | H90: 48314 | I90: =G90-H90 -> 51686 | J90: 415216 | K90: 432624 | L90: =H90/G90 -> 0.48314 | M90: =J90/G90 -> 4.15216 | N90: =K90/G90 -> 4.32624 | O90: =(L90-$L$86)*162 -> -2.6433 | P90: =-(N90-$N$86)*162 -> -27.62802
A91: SS | B91: =_xlfn.CONCAT("RNG",C91,"xERR",D91,"xARM",E91,"xTDP",F91) -> RNG50xERR60xARM60xTDP60 | C91: 50 | D91: 60 | E91: 60 | F91: 60 | G91: 100000 | H91: 48469 | I91: =G91-H91 -> 51531 | J91: 414277 | K91: 428281 | L91: =H91/G91 -> 0.48469 | M91: =J91/G91 -> 4.14277 | N91: =K91/G91 -> 4.28281 | O91: =(L91-$L$86)*162 -> -2.3922 | P91: =-(N91-$N$86)*162 -> -20.59236
A92: SS | B92: =_xlfn.CONCAT("RNG",C92,"xERR",D92,"xARM",E92,"xTDP",F92) -> RNG55xERR60xARM60xTDP60 | C92: 55 | D92: 60 | E92: 60 | F92: 60 | G92: 100000 | H92: 48798 | I92: =G92-H92 -> 51202 | J92: 415995 | K92: 428498 | L92: =H92/G92 -> 0.48798 | M92: =J92/G92 -> 4.15995 | N92: =K92/G92 -> 4.28498 | O92: =(L92-$L$86)*162 -> -1.85922 | P92: =-(N92-$N$86)*162 -> -20.9439
A93: SS | B93: =_xlfn.CONCAT("RNG",C93,"xERR",D93,"xARM",E93,"xTDP",F93) -> RNG65xERR60xARM60xTDP60 | C93: 65 | D93: 60 | E93: 60 | F93: 60 | G93: 100000 | H93: 51349 | I93: =G93-H93 -> 48651 | J93: 416207 | K93: 404998 | L93: =H93/G93 -> 0.51349 | M93: =J93/G93 -> 4.16207 | N93: =K93/G93 -> 4.04998 | O93: =(L93-$L$86)*162 -> 2.2734 | P93: =-(N93-$N$86)*162 -> 17.1261
A94: SS | B94: =_xlfn.CONCAT("RNG",C94,"xERR",D94,"xARM",E94,"xTDP",F94) -> RNG70xERR60xARM60xTDP60 | C94: 70 | D94: 60 | E94: 60 | F94: 60 | G94: 100000 | H94: 50854 | I94: =G94-H94 -> 49146 | J94: 415890 | K94: 407483 | L94: =H94/G94 -> 0.50854 | M94: =J94/G94 -> 4.1589 | N94: =K94/G94 -> 4.07483 | O94: =(L94-$L$86)*162 -> 1.4715 | P94: =-(N94-$N$86)*162 -> 13.1004
A95: SS | B95: =_xlfn.CONCAT("RNG",C95,"xERR",D95,"xARM",E95,"xTDP",F95) -> RNG75xERR60xARM60xTDP60 | C95: 75 | D95: 60 | E95: 60 | F95: 60 | G95: 100000 | H95: 50790 | I95: =G95-H95 -> 49210 | J95: 413872 | K95: 405647 | L95: =H95/G95 -> 0.5079 | M95: =J95/G95 -> 4.13872 | N95: =K95/G95 -> 4.05647 | O95: =(L95-$L$86)*162 -> 1.36782 | P95: =-(N95-$N$86)*162 -> 16.07472
A96: SS | B96: =_xlfn.CONCAT("RNG",C96,"xERR",D96,"xARM",E96,"xTDP",F96) -> RNG80xERR60xARM60xTDP60 | C96: 80 | D96: 60 | E96: 60 | F96: 60 | G96: 100000 | H96: 51192 | I96: =G96-H96 -> 48808 | J96: 416285 | K96: 405337 | L96: =H96/G96 -> 0.51192 | M96: =J96/G96 -> 4.16285 | N96: =K96/G96 -> 4.05337 | O96: =(L96-$L$86)*162 -> 2.01906 | P96: =-(N96-$N$86)*162 -> 16.57692
A97: SS | B97: =_xlfn.CONCAT("RNG",C97,"xERR",D97,"xARM",E97,"xTDP",F97) -> RNG60xERR60xARM20xTDP60 | C97: 60 | D97: 60 | E97: 20 | F97: 60 | G97: 100000 | H97: 48500 | I97: =G97-H97 -> 51500 | J97: 416756 | K97: 433211 | L97: =H97/G97 -> 0.485 | M97: =J97/G97 -> 4.16756 | N97: =K97/G97 -> 4.33211 | O97: =(L97-$L$86)*162 -> -2.34198 | P97: =-(N97-$N$86)*162 -> -28.57896
A98: SS | B98: =_xlfn.CONCAT("RNG",C98,"xERR",D98,"xARM",E98,"xTDP",F98) -> RNG60xERR60xARM40xTDP60 | C98: 60 | D98: 60 | E98: 40 | F98: 60 | G98: 100000 | H98: 48477 | I98: =G98-H98 -> 51523 | J98: 415635 | K98: 430831 | L98: =H98/G98 -> 0.48477 | M98: =J98/G98 -> 4.15635 | N98: =K98/G98 -> 4.30831 | O98: =(L98-$L$86)*162 -> -2.37924 | P98: =-(N98-$N$86)*162 -> -24.72336
... A112: SS | B112: =_xlfn.CONCAT("RNG",C112,"xERR",D112,"xARM",E112,"xTDP",F112) -> RNG80xERR60xARM80xTDP60 | C112: 80 | D112: 60 | E112: 80 | F112: 60 | G112: 100000 | H112: 51072 | I112: =G112-H112 -> 48928 | J112: 415395 | K112: 404965 | L112: =H112/G112 -> 0.51072 | M112: =J112/G112 -> 4.15395 | N112: =K112/G112 -> 4.04965 | O112: =(L112-$L$86)*162 -> 1.82466 | P112: =-(N112-$N$86)*162 -> 17.17956
A113: CF | B113: Baseline | C113: 60 | D113: 50 | E113: 55 | G113: 100000 | H113: 49945.667 | I113: 50054.333 | J113: 414749 | K113: 415569.67 | L113: 0.49945667 | M113: 4.14749 | N113: 4.1556967 | O113: n/a | P113: n/a
A114: CF | B114: =_xlfn.CONCAT("RNG",C114,"xERR",D114,"xARM",E114) -> RNG20xERR20xARM20 | C114: 20 | D114: 20 | E114: 20 | G114: 100000 | H114: 48447 | I114: =G114-H114 -> 51553 | J114: 413764 | K114: 429546 | L114: =H114/G114 -> 0.48447 | M114: =J114/G114 -> 4.13764 | N114: =K114/G114 -> 4.29546 | O114: =(L114-$L$86)*162 -> -2.42784 | P114: =-(N114-$N$86)*162 -> -22.64166
A115: CF | B115: =_xlfn.CONCAT("RNG",C115,"xERR",D115,"xARM",E115) -> RNG80xERR80xARM80 | C115: 80 | D115: 80 | E115: 80 | G115: 100000 | H115: 52218 | I115: =G115-H115 -> 47782 | J115: 414993 | K115: 392942 | L115: =H115/G115 -> 0.52218 | M115: =J115/G115 -> 4.14993 | N115: =K115/G115 -> 3.92942 | O115: =(L115-$L$86)*162 -> 3.68118 | P115: =-(N115-$N$86)*162 -> 36.65682
A116: CF | B116: =_xlfn.CONCAT("RNG",C116,"xERR",D116,"xARM",E116) -> RNG20xERR50xARM55 | C116: 20 | D116: 50 | E116: 55 | G116: 100000 | H116: 49330 | I116: =G116-H116 -> 50670 | J116: 415075 | K116: 423298 | L116: =H116/G116 -> 0.4933 | M116: =J116/G116 -> 4.15075 | N116: =K116/G116 -> 4.23298 | O116: =(L116-$L$86)*162 -> -0.99738 | P116: =-(N116-$N$86)*162 -> -12.5199
A117: CF | B117: =_xlfn.CONCAT("RNG",C117,"xERR",D117,"xARM",E117) -> RNG40xERR50xARM55 | C117: 40 | D117: 50 | E117: 55 | G117: 100000 | H117: 49276 | I117: =G117-H117 -> 50724 | J117: 414856 | K117: 422443 | L117: =H117/G117 -> 0.49276 | M117: =J117/G117 -> 4.14856 | N117: =K117/G117 -> 4.22443 | O117: =(L117-$L$86)*162 -> -1.08486 | P117: =-(N117-$N$86)*162 -> -11.1348
A118: CF | B118: =_xlfn.CONCAT("RNG",C118,"xERR",D118,"xARM",E118) -> RNG50xERR50xARM55 | C118: 50 | D118: 50 | E118: 55 | G118: 100000 | H118: 49514 | I118: =G118-H118 -> 50486 | J118: 416688 | K118: 421084 | L118: =H118/G118 -> 0.49514 | M118: =J118/G118 -> 4.16688 | N118: =K118/G118 -> 4.21084 | O118: =(L118-$L$86)*162 -> -0.6993 | P118: =-(N118-$N$86)*162 -> -8.93322
A119: CF | B119: =_xlfn.CONCAT("RNG",C119,"xERR",D119,"xARM",E119) -> RNG55xERR50xARM55 | C119: 55 | D119: 50 | E119: 55 | G119: 100000 | H119: 49245 | I119: =G119-H119 -> 50755 | J119: 414473 | K119: 422666 | L119: =H119/G119 -> 0.49245 | M119: =J119/G119 -> 4.14473 | N119: =K119/G119 -> 4.22666 | O119: =(L119-$L$86)*162 -> -1.13508 | P119: =-(N119-$N$86)*162 -> -11.49606
A120: CF | B120: =_xlfn.CONCAT("RNG",C120,"xERR",D120,"xARM",E120) -> RNG65xERR50xARM55 | C120: 65 | D120: 50 | E120: 55 | G120: 100000 | H120: 51861 | I120: =G120-H120 -> 48139 | J120: 416826 | K120: 398700 | L120: =H120/G120 -> 0.51861 | M120: =J120/G120 -> 4.16826 | N120: =K120/G120 -> 3.987 | O120: =(L120-$L$86)*162 -> 3.10284 | P120: =-(N120-$N$86)*162 -> 27.32886
A121: CF | B121: =_xlfn.CONCAT("RNG",C121,"xERR",D121,"xARM",E121) -> RNG70xERR50xARM55 | C121: 70 | D121: 50 | E121: 55 | G121: 100000 | H121: 51797 | I121: =G121-H121 -> 48203 | J121: 415809 | K121: 396903 | L121: =H121/G121 -> 0.51797 | M121: =J121/G121 -> 4.15809 | N121: =K121/G121 -> 3.96903 | O121: =(L121-$L$86)*162 -> 2.99916 | P121: =-(N121-$N$86)*162 -> 30.24
A122: CF | B122: =_xlfn.CONCAT("RNG",C122,"xERR",D122,"xARM",E122) -> RNG75xERR50xARM55 | C122: 75 | D122: 50 | E122: 55 | G122: 100000 | H122: 52058 | I122: =G122-H122 -> 47942 | J122: 414954 | K122: 397616 | L122: =H122/G122 -> 0.52058 | M122: =J122/G122 -> 4.14954 | N122: =K122/G122 -> 3.97616 | O122: =(L122-$L$86)*162 -> 3.42198 | P122: =-(N122-$N$86)*162 -> 29.08494
A123: CF | B123: =_xlfn.CONCAT("RNG",C123,"xERR",D123,"xARM",E123) -> RNG80xERR50xARM55 | C123: 80 | D123: 50 | E123: 55 | G123: 100000 | H123: 51667 | I123: =G123-H123 -> 48333 | J123: 415974 | K123: 399826 | L123: =H123/G123 -> 0.51667 | M123: =J123/G123 -> 4.15974 | N123: =K123/G123 -> 3.99826 | O123: =(L123-$L$86)*162 -> 2.78856 | P123: =-(N123-$N$86)*162 -> 25.50474
A124: CF | B124: =_xlfn.CONCAT("RNG",C124,"xERR",D124,"xARM",E124) -> RNG60xERR50xARM20 | C124: 60 | D124: 50 | E124: 20 | G124: 100000 | H124: 49816 | I124: =G124-H124 -> 50184 | J124: 416585 | K124: 419354 | L124: =H124/G124 -> 0.49816 | M124: =J124/G124 -> 4.16585 | N124: =K124/G124 -> 4.19354 | O124: =(L124-$L$86)*162 -> -0.21006 | P124: =-(N124-$N$86)*162 -> -6.13062
A125: CF | B125: =_xlfn.CONCAT("RNG",C125,"xERR",D125,"xARM",E125) -> RNG60xERR50xARM80 | C125: 60 | D125: 50 | E125: 80 | G125: 100000 | H125: 50461 | I125: =G125-H125 -> 49539 | J125: 415919 | K125: 410724 | L125: =H125/G125 -> 0.50461 | M125: =J125/G125 -> 4.15919 | N125: =K125/G125 -> 4.10724 | O125: =(L125-$L$86)*162 -> 0.83484 | P125: =-(N125-$N$86)*162 -> 7.84998
... A127: CF | B127: =_xlfn.CONCAT("RNG",C127,"xERR",D127,"xARM",E127) -> RNG60xERR80xARM55 | C127: 60 | D127: 80 | E127: 55 | G127: 100000 | H127: 50096 | I127: =G127-H127 -> 49904 | J127: 415124 | K127: 413965 | L127: =H127/G127 -> 0.50096 | M127: =J127/G127 -> 4.15124 | N127: =K127/G127 -> 4.13965 | O127: =(L127-$L$86)*162 -> 0.24354 | P127: =-(N127-$N$86)*162 -> 2.59956
A128: RF | B128: Baseline | C128: 50 | D128: 50 | E128: 50 | G128: 100000 | H128: 49945.667 | I128: 50054.333 | J128: 414749 | K128: 415569.67 | L128: 0.49945667 | M128: 4.14749 | N128: 4.1556967 | O128: n/a | P128: n/a
A129: RF | B129: =_xlfn.CONCAT("RNG",C129,"xERR",D129,"xARM",E129) -> RNG20xERR20xARM20 | C129: 20 | D129: 20 | E129: 20 | G129: 100000 | H129: 48604 | I129: =G129-H129 -> 51396 | J129: 413770 | K129: 427237 | L129: =H129/G129 -> 0.48604 | M129: =J129/G129 -> 4.1377 | N129: =K129/G129 -> 4.27237 | O129: =(L129-$L$86)*162 -> -2.1735 | P129: =-(N129-$N$86)*162 -> -18.90108
A130: RF | B130: =_xlfn.CONCAT("RNG",C130,"xERR",D130,"xARM",E130) -> RNG80xERR80xARM80 | C130: 80 | D130: 80 | E130: 80 | G130: 100000 | H130: 51843 | I130: =G130-H130 -> 48157 | J130: 416817 | K130: 399004 | L130: =H130/G130 -> 0.51843 | M130: =J130/G130 -> 4.16817 | N130: =K130/G130 -> 3.99004 | O130: =(L130-$L$86)*162 -> 3.07368 | P130: =-(N130-$N$86)*162 -> 26.83638
A131: RF | B131: =_xlfn.CONCAT("RNG",C131,"xERR",D131,"xARM",E131) -> RNG20xERR50xARM50 | C131: 20 | D131: 50 | E131: 50 | G131: 100000 | H131: 49302 | I131: =G131-H131 -> 50698 | J131: 415666 | K131: 420803 | L131: =H131/G131 -> 0.49302 | M131: =J131/G131 -> 4.15666 | N131: =K131/G131 -> 4.20803 | O131: =(L131-$L$86)*162 -> -1.04274 | P131: =-(N131-$N$86)*162 -> -8.478
A132: RF | B132: =_xlfn.CONCAT("RNG",C132,"xERR",D132,"xARM",E132) -> RNG40xERR50xARM50 | C132: 40 | D132: 50 | E132: 50 | G132: 100000 | H132: 49432 | I132: =G132-H132 -> 50568 | J132: 415847 | K132: 419068 | L132: =H132/G132 -> 0.49432 | M132: =J132/G132 -> 4.15847 | N132: =K132/G132 -> 4.19068 | O132: =(L132-$L$86)*162 -> -0.83214 | P132: =-(N132-$N$86)*162 -> -5.6673
A133: RF | B133: =_xlfn.CONCAT("RNG",C133,"xERR",D133,"xARM",E133) -> RNG45xERR50xARM50 | C133: 45 | D133: 50 | E133: 50 | G133: 100000 | H133: 49574 | I133: =G133-H133 -> 50426 | J133: 415107 | K133: 420131 | L133: =H133/G133 -> 0.49574 | M133: =J133/G133 -> 4.15107 | N133: =K133/G133 -> 4.20131 | O133: =(L133-$L$86)*162 -> -0.6021 | P133: =-(N133-$N$86)*162 -> -7.38936
A134: RF | B134: =_xlfn.CONCAT("RNG",C134,"xERR",D134,"xARM",E134) -> RNG55xERR50xARM50 | C134: 55 | D134: 50 | E134: 50 | G134: 100000 | H134: 51377 | I134: =G134-H134 -> 48623 | J134: 415219 | K134: 403371 | L134: =H134/G134 -> 0.51377 | M134: =J134/G134 -> 4.15219 | N134: =K134/G134 -> 4.03371 | O134: =(L134-$L$86)*162 -> 2.31876 | P134: =-(N134-$N$86)*162 -> 19.76184
A135: RF | B135: =_xlfn.CONCAT("RNG",C135,"xERR",D135,"xARM",E135) -> RNG60xERR50xARM50 | C135: 60 | D135: 50 | E135: 50 | G135: 100000 | H135: 51059 | I135: =G135-H135 -> 48941 | J135: 414232 | K135: 404280 | L135: =H135/G135 -> 0.51059 | M135: =J135/G135 -> 4.14232 | N135: =K135/G135 -> 4.0428 | O135: =(L135-$L$86)*162 -> 1.8036 | P135: =-(N135-$N$86)*162 -> 18.28926
A136: RF | B136: =_xlfn.CONCAT("RNG",C136,"xERR",D136,"xARM",E136) -> RNG65xERR50xARM50 | C136: 65 | D136: 50 | E136: 50 | G136: 100000 | H136: 51604 | I136: =G136-H136 -> 48396 | J136: 415849 | K136: 402224 | L136: =H136/G136 -> 0.51604 | M136: =J136/G136 -> 4.15849 | N136: =K136/G136 -> 4.02224 | O136: =(L136-$L$86)*162 -> 2.6865 | P136: =-(N136-$N$86)*162 -> 21.61998
A137: RF | B137: =_xlfn.CONCAT("RNG",C137,"xERR",D137,"xARM",E137) -> RNG70xERR50xARM50 | C137: 70 | D137: 50 | E137: 50 | G137: 100000 | H137: 50964 | I137: =G137-H137 -> 49036 | J137: 415064 | K137: 405026 | L137: =H137/G137 -> 0.50964 | M137: =J137/G137 -> 4.15064 | N137: =K137/G137 -> 4.05026 | O137: =(L137-$L$86)*162 -> 1.6497 | P137: =-(N137-$N$86)*162 -> 17.08074
A138: RF | B138: =_xlfn.CONCAT("RNG",C138,"xERR",D138,"xARM",E138) -> RNG80xERR50xARM50 | C138: 80 | D138: 50 | E138: 50 | G138: 100000 | H138: 51097 | I138: =G138-H138 -> 48903 | J138: 414820 | K138: 405090 | L138: =H138/G138 -> 0.51097 | M138: =J138/G138 -> 4.1482 | N138: =K138/G138 -> 4.0509 | O138: =(L138-$L$86)*162 -> 1.86516 | P138: =-(N138-$N$86)*162 -> 16.97706
A139: RF | B139: =_xlfn.CONCAT("RNG",C139,"xERR",D139,"xARM",E139) -> RNG50xERR50xARM20 | C139: 50 | D139: 50 | E139: 20 | G139: 100000 | H139: 49619 | I139: =G139-H139 -> 50381 | J139: 414624 | K139: 419328 | L139: =H139/G139 -> 0.49619 | M139: =J139/G139 -> 4.14624 | N139: =K139/G139 -> 4.19328 | O139: =(L139-$L$86)*162 -> -0.5292 | P139: =-(N139-$N$86)*162 -> -6.0885
A140: RF | B140: =_xlfn.CONCAT("RNG",C140,"xERR",D140,"xARM",E140) -> RNG50xERR50xARM40 | C140: 50 | D140: 50 | E140: 40 | G140: 100000 | H140: 49663 | I140: =G140-H140 -> 50337 | J140: 415240 | K140: 417827 | L140: =H140/G140 -> 0.49663 | M140: =J140/G140 -> 4.1524 | N140: =K140/G140 -> 4.17827 | O140: =(L140-$L$86)*162 -> -0.45792 | P140: =-(N140-$N$86)*162 -> -3.65688
... A148: RF | B148: =_xlfn.CONCAT("RNG",C148,"xERR",D148,"xARM",E148) -> RNG50xERR80xARM50 | C148: 50 | D148: 80 | E148: 50 | G148: 100000 | H148: 50049 | I148: =G148-H148 -> 49951 | J148: 415483 | K148: 414065 | L148: =H148/G148 -> 0.50049 | M148: =J148/G148 -> 4.15483 | N148: =K148/G148 -> 4.14065 | O148: =(L148-$L$86)*162 -> 0.1674 | P148: =-(N148-$N$86)*162 -> 2.43756
...

Sheet Pitching
A1: Player with ratings amends is starting pitcher 1; 100k games simmed for each metric change; 54% groundball rate unless amended. RHB vs RHP | AD1: =J7 -> 4 | AE1: 0.93983105 | AF1: 3.270169 | AG1: Implied FIP constant | AJ1: Tango 1b | AK1: 0.9 | AL1: 0.15644638 | AM1: 0.68270875 | AN1: <<< derives weighted value of (HA-HR) on
A2: Estimated batters faced simplifying assumption per | M2: https://www.baseballthinkfactory.org/mccracken/dipsexpl.html#:~:text=Batters%20Faced%20(BFP)%20%2D%20If,)%2BHits%2BWalks%2BStrikeouts. | AJ2: 2b | AK2: 1.24 | AL2: 0.044984412 | AM2: 0.27046506 | AN2: Tango run value scale based on all-50
A3: HR allowed on editor screen moves 1:1 with 'raw movement' when groundball kept at 54% | AJ3: 3b | AK3: 1.56 | AL3: 0.0048090456 | AM3: 0.036375664 | AN3: hitter 1B, 2B and 3B %s
AH4: 1.95 | AI4: 0.72 | AK4: 0.98954948 | AL4: 0.20623984 | AM4: 0.98954948
A5: Pitcher rating change tested | J5: Pitcher A FIP | K5: Pitcher A WAR | M5: Team A | N5: Team A | O5: Team A | P5: Team A | Q5: Pitcher A | R5: Pitcher A | S5: Pitcher A | T5: Pitcher A | U5: Pitcher A | V5: Pitcher A | W5: Pitcher A | X5: Pitcher A | Y5: Pitcher A | Z5: Pitcher A | AA5: Pitcher A | AB5: Team A | AC5: Team A | AD5: Team A | AE5: Team A | AF5: Pitcher A | AG5: Pitcher A | AH5: Pitcher A | AI5: Pitcher A | AJ5: Pitcher A | AK5: Pitcher A | AL5: Pitcher A | AM5: Delta vs all-50 pitcher with 54% groundball
A6: Pitcher Type | B6: Metric | C6: Shorthand | D6: STF | E6: Top VELO | F6: HRA | G6: PBABIP | H6: CTRL | I6: STAM | J6: in Editor | K6: in Editor | L6: Sims | M6: W | N6: L | O6: Runs scored | P6: Runs allowed | Q6: IP/G | R6: IP | S6: HA | T6: Runs | U6: Earned Runs | V6: HR | W6: BB | X6: K | Y6: WHIP | Z6: OAVG | AA6: BABIP | AB6: winpct | AC6: run conc/G | AD6: win/162 delta | AE6: run/162 delta | AF6: FIPish | AG6: estBF | AH6: HR% | AI6: BB% | AJ6: K% | AK6: (HA-HR)% | AL6: pwOBA | AM6: HR% | AN6: BB% | AO6: K% | AP6: (HA-HR)%
A7: SP | B7: Baseline | C7: =_xlfn.CONCAT(D7,"/",E7,"/",F7,"/",G7,"/",H7,"/",I7) -> 50/97/50/50/50/50 | D7: 50 | E7: 97 | F7: 50 | G7: 50 | H7: 50 | I7: 50 | J7: 4 | K7: 3.1 | L7: 100000 | M7: 49986 | N7: =L7-M7 -> 50014 | O7: 439414 | P7: 440289 | Q7: =ROUND(R7,0)/(L7/5) -> 5.63985 | R7: 112797.2 | S7: 116180 | T7: 56768 | U7: 52733 | V7: 13047 | W7: 36304 | X7: 103131 | Y7: 1.35 | Z7: 0.264 | AA7: 0.315 | AB7: =M7/L7 -> 0.49986 | AC7: =P7/L7 -> 4.40289 | AF7: =(((13*V7)+(3*W7)-(2*X7))/R7)+$AF$1 -> 3.9107966 | AG7: =(((R7*3)-X7)*0.966)+S7+W7+X7 -> 482876.74 | AH7: =V7/$AG7 -> 0.027019318 | AI7: =W7/$AG7 -> 0.075182748 | AJ7: =X7/$AG7 -> 0.21357624 | AK7: =(S7-V7)/$AG7 -> 0.21358039 | AL7: =SUMPRODUCT($AH$4:$AK$4,AH7:AK7) -> 0.31816761
A8: SP | B8: Baseline | C8: =_xlfn.CONCAT(D8,"/",E8,"/",F8,"/",G8,"/",H8,"/",I8) -> 50/97/50/50/50/50 | D8: 50 | E8: 97 | F8: 50 | G8: 50 | H8: 50 | I8: 50 | J8: 4 | K8: 3.1 | L8: 100000 | M8: 50060 | N8: =L8-M8 -> 49940 | O8: 439626 | P8: 439803 | Q8: =ROUND(R8,0)/(L8/5) -> 5.64155 | R8: 112831.1 | S8: 116016 | T8: 56832 | U8: 52829 | V8: 12902 | W8: 36364 | X8: 103111 | Y8: 1.35 | Z8: 0.263 | AA8: 0.315 | AB8: =M8/L8 -> 0.5006 | AC8: =P8/L8 -> 4.39803 | AF8: =(((13*V8)+(3*W8)-(2*X8))/R8)+$AF$1 -> 3.8958475 | AG8: =(((R8*3)-X8)*0.966)+S8+W8+X8 -> 482870.3 | AH8: =V8/$AG8 -> 0.02671939 | AI8: =W8/$AG8 -> 0.075308007 | AJ8: =X8/$AG8 -> 0.21353767 | AK8: =(S8-V8)/$AG8 -> 0.21354388 | AL8: =SUMPRODUCT($AH$4:$AK$4,AH8:AK8) -> 0.31763682
A9: 1B | B9: Baseline | C9: 80 | D9: 80 | E9: 80 | F9: 80 | G9: 100000 | I9: 50 | L9: 100000 | M9: 50060 | N9: =L9-M9 -> 49940 | O9: 439626 | P9: 439803
A10: SP | B10: Baseline | C10: =_xlfn.CONCAT(D10,"/",E10,"/",F10,"/",G10,"/",H10,"/",I10) -> 50/97/50/50/50/50 | D10: 50 | E10: 97 | F10: 50 | G10: 50 | H10: 50 | I10: 50 | J10: 4 | K10: 3.1 | L10: 100000 | M10: 49810 | N10: =L10-M10 -> 50190 | O10: 438980 | P10: 440908 | Q10: =ROUND(R10,0)/(L10/5) -> 5.6367 | R10: 112734.2 | S10: 115829 | T10: 56773 | U10: 52750 | V10: 12952 | W10: 36366 | X10: 103447 | Y10: 1.35 | Z10: 0.263 | AA10: 0.315 | AB10: =M10/L10 -> 0.4981 | AC10: =P10/L10 -> 4.40908 | AF10: =(((13*V10)+(3*W10)-(2*X10))/R10)+$AF$1 -> 3.8962434 | AG10: =(((R10*3)-X10)*0.966)+S10+W10+X10 -> 482415.91 | AH10: =V10/$AG10 -> 0.026848202 | AI10: =W10/$AG10 -> 0.075383086 | AJ10: =X10/$AG10 -> 0.2144353 | AK10: =(S10-V10)/$AG10 -> 0.21325375 | AL10: =SUMPRODUCT($AH$4:$AK$4,AH10:AK10) -> 0.31765495
A11: SP | B11: Baseline Average | C11: =_xlfn.CONCAT(D11,"/",E11,"/",F11,"/",G11,"/",H11,"/",I11) -> 50/97/50/50/50/50 | D11: 50 | E11: 97 | F11: 50 | G11: 50 | H11: 50 | I11: 50 | J11: 4 | K11: 3.1 | L11: =AVERAGE(L7:L10) -> 100000 | M11: =AVERAGE(M7:M10) -> 49979 | N11: =L11-M11 -> 50021 | O11: =AVERAGE(O7:O10) -> 439411.5 | P11: =AVERAGE(P7:P10) -> 440200.75 | Q11: =ROUND(R11,0)/(L11/5) -> 5.6394 | R11: =AVERAGE(R7:R10) -> 112787.5 | S11: =AVERAGE(S7:S10) -> 116008.33 | T11: =AVERAGE(T7:T10) -> 56791 | U11: =AVERAGE(U7:U10) -> 52770.667 | V11: =AVERAGE(V7:V10) -> 12967 | W11: =AVERAGE(W7:W10) -> 36344.667 | X11: =AVERAGE(X7:X10) -> 103229.67 | Y11: =AVERAGE(Y7:Y10) -> 1.35 | ... AA11: =AVERAGE(AA7:AA10) -> 0.315 | AB11: =M11/L11 -> 0.49979 | AC11: =P11/L11 -> 4.4020075 | AF11: =(((13*V11)+(3*W11)-(2*X11))/R11)+$AF$1 -> 3.9009629 | AG11: =(((R11*3)-X11)*0.966)+S11+W11+X11 -> 482720.98 | AH11: =V11/$AG11 -> 0.026862309 | AI11: =W11/$AG11 -> 0.075291251 | AJ11: =X11/$AG11 -> 0.21384955 | AK11: =(S11-V11)/$AG11 -> 0.2134594 | AL11: =SUMPRODUCT($AH$4:$AK$4,AH11:AK11) -> 0.31781984
A12: SP | B12: Baseline Average | C12: 80 | D12: 80 | E12: 80 | F12: 80 | G12: 100000 | H12: 50523 | I12: 50 | J12: 415708 | K12: 410767 | L12: =AVERAGE(L8:L11) -> 100000 | M12: =AVERAGE(M8:M11) -> 49977.25 | N12: =L12-M12 -> 50022.75 | O12: =AVERAGE(O8:O11) -> 439410.88 | P12: =AVERAGE(P8:P11) -> 440178.69
A13: SP | B13: Control | C13: =_xlfn.CONCAT(D13,"/",E13,"/",F13,"/",G13,"/",H13,"/",I13) -> 50/97/50/50/48019/50 | D13: 50 | E13: 97 | F13: 50 | G13: 50 | H13: 48019 | I13: 50 | J13: 416271 | K13: 436694 | L13: =AVERAGE(L8:L11) -> 100000 | M13: =AVERAGE(M8:M11) -> 49977.25 | N13: =L13-M13 -> 50022.75 | O13: =AVERAGE(O8:O11) -> 439410.88 | P13: =AVERAGE(P8:P11) -> 440178.69 | Q13: =ROUND(R13,0)/(L13/5) -> 4.39455 | R13: 87891 | S13: 88239 | T13: 71409 | U13: 66835 | V13: 10107 | W13: 95641 | X13: 78725 | Y13: 2.09 | Z13: 0.264 | AA13: 0.315 | AB13: =M13/L13 -> 0.4997725 | AC13: =P13/L13 -> 4.4017869 | AD13: =(AB13-AB$11)*162 -> -0.002835 | AE13: =-(AC13-AC$11)*162 -> 0.03574125 | AF13: =(((13*V13)+(3*W13)-(2*X13))/R13)+$AF$1 -> 6.2382089 | AG13: =(((R13*3)-X13)*0.966)+S13+W13+X13 -> 441264.77 | AH13: =V13/$AG13 -> 0.022904616 | AI13: =W13/$AG13 -> 0.21674289 | AJ13: =X13/$AG13 -> 0.17840763 | AK13: =(S13-V13)/$AG13 -> 0.17706376 | AL13: =SUMPRODUCT($AH$4:$AK$4,AH13:AK13) -> 0.37593223 | AM13: =AH13/AH$11 -> 0.85266744 | AN13: =AI13/AI$11 -> 2.8787261 | AO13: =AJ13/AJ$11 -> 0.83426701 | AP13: =AK13/AK$11 -> 0.82949619
A14: SP | B14: Control | C14: =_xlfn.CONCAT(D14,"/",E14,"/",F14,"/",G14,"/",H14,"/",I14) -> 50/97/50/50/25/50 | D14: 50 | E14: 97 | F14: 50 | G14: 50 | H14: 25 | I14: 50 | J14: 5.47 | K14: -0.7 | L14: =AVERAGE(L10:L13) -> 100000 | M14: =AVERAGE(M10:M13) -> 49935.875 | N14: =L14-M14 -> 50064.125 | O14: =AVERAGE(O10:O13) -> 439303.31 | P14: =AVERAGE(P10:P13) -> 440366.53 | Q14: =ROUND(R14,0)/(L14/5) -> 4.82345 | R14: 96469 | S14: 97756 | T14: 65111 | U14: 60602 | V14: 10945 | W14: 75671 | X14: 86788 | Y14: 1.8 | Z14: 0.264 | AA14: 0.315 | AB14: =M14/L14 -> 0.49935875 | AC14: =P14/L14 -> 4.4036653 | AD14: =(AB14-AB$11)*162 -> -0.0698625 | AE14: =-(AC14-AC$11)*162 -> -0.26856563 | AF14: =(((13*V14)+(3*W14)-(2*X14))/R14)+$AF$1 -> 5.299028 | AG14: =(((R14*3)-X14)*0.966)+S14+W14+X14 -> 455944.95 | AH14: =V14/$AG14 -> 0.024005091 | AI14: =W14/$AG14 -> 0.16596521 | AJ14: =X14/$AG14 -> 0.19034754 | AK14: =(S14-V14)/$AG14 -> 0.19039798 | AL14: =SUMPRODUCT($AH$4:$AK$4,AH14:AK14) -> 0.3547131 | AM14: =AH14/AH$11 -> 0.89363469 | AN14: =AI14/AI$11 -> 2.2043094 | AO14: =AJ14/AJ$11 -> 0.89010024 | AP14: =AK14/AK$11 -> 0.89196344
A15: SP | B15: Control | C15: =_xlfn.CONCAT(D15,"/",E15,"/",F15,"/",G15,"/",H15,"/",I15) -> 50/97/50/50/30/50 | D15: 50 | E15: 97 | F15: 50 | G15: 50 | H15: 30 | I15: 50 | J15: 5.11 | K15: 0.2 | L15: =AVERAGE(L11:L14) -> 100000 | M15: =AVERAGE(M11:M14) -> 49967.344 | N15: =L15-M15 -> 50032.656 | O15: =AVERAGE(O11:O14) -> 439384.14 | P15: =AVERAGE(P11:P14) -> 440231.16 | Q15: =ROUND(R15,0)/(L15/5) -> 5.0066 | R15: 100132 | S15: 101660 | T15: 62869 | U15: 58524 | V15: 11460 | W15: 67094 | X15: 90713 | Y15: 1.69 | Z15: 0.263 | AA15: 0.315 | AB15: =M15/L15 -> 0.49967344 | AC15: =P15/L15 -> 4.4023116 | AD15: =(AB15-AB$11)*162 -> -0.018883125 | AE15: =-(AC15-AC$11)*162 -> -0.049270781 | AF15: =(((13*V15)+(3*W15)-(2*X15))/R15)+$AF$1 -> 4.9563033 | AG15: =(((R15*3)-X15)*0.966)+S15+W15+X15 -> 462020.78 | AH15: =V15/$AG15 -> 0.024804079 | AI15: =W15/$AG15 -> 0.14521858 | AJ15: =X15/$AG15 -> 0.19633965 | AK15: =(S15-V15)/$AG15 -> 0.19522931 | AL15: =SUMPRODUCT($AH$4:$AK$4,AH15:AK15) -> 0.3461144 | AM15: =AH15/AH$11 -> 0.92337854 | AN15: =AI15/AI$11 -> 1.9287577 | AO15: =AJ15/AJ$11 -> 0.91812048 | AP15: =AK15/AK$11 -> 0.91459693
A16: SP | B16: Control | C16: =_xlfn.CONCAT(D16,"/",E16,"/",F16,"/",G16,"/",H16,"/",I16) -> 50/97/50/50/35/50 | D16: 50 | E16: 97 | F16: 50 | G16: 50 | H16: 35 | I16: 50 | J16: 4.75 | K16: 1.1 | L16: =AVERAGE(L13:L15) -> 100000 | M16: =AVERAGE(M13:M15) -> 49960.156 | N16: =L16-M16 -> 50039.844 | O16: =AVERAGE(O13:O15) -> 439366.11 | P16: =AVERAGE(P13:P15) -> 440258.79 | Q16: =ROUND(R16,0)/(L16/5) -> 5.1929 | R16: 103858 | S16: 106880 | T16: 60852 | U16: 56756 | V16: 12025 | W16: 57512 | X16: 94352 | Y16: 1.58 | Z16: 0.265 | AA16: 0.317 | AB16: =M16/L16 -> 0.49960156 | AC16: =P16/L16 -> 4.4025879 | AD16: =(AB16-AB$11)*162 -> -0.030526875 | AE16: =-(AC16-AC$11)*162 -> -0.094031719 | AF16: =(((13*V16)+(3*W16)-(2*X16))/R16)+$AF$1 -> 4.619675 | AG16: =(((R16*3)-X16)*0.966)+S16+W16+X16 -> 468580.45 | AH16: =V16/$AG16 -> 0.025662616 | AI16: =W16/$AG16 -> 0.12273666 | AJ16: =X16/$AG16 -> 0.2013571 | AK16: =(S16-V16)/$AG16 -> 0.20243055 | AL16: =SUMPRODUCT($AH$4:$AK$4,AH16:AK16) -> 0.33872754 | AM16: =AH16/AH$11 -> 0.95533917 | AN16: =AI16/AI$11 -> 1.6301583 | AO16: =AJ16/AJ$11 -> 0.94158297 | AP16: =AK16/AK$11 -> 0.9483328
A17: SP | B17: Control | C17: =_xlfn.CONCAT(D17,"/",E17,"/",F17,"/",G17,"/",H17,"/",I17) -> 50/97/50/50/40/50 | D17: 50 | E17: 97 | F17: 50 | G17: 50 | H17: 40 | I17: 50 | J17: 4.4 | K17: 2 | L17: =AVERAGE(L14:L16) -> 100000 | M17: =AVERAGE(M14:M16) -> 49954.458 | N17: =L17-M17 -> 50045.542 | O17: =AVERAGE(O14:O16) -> 439351.19 | P17: =AVERAGE(P14:P16) -> 440285.5 | Q17: =ROUND(R17,0)/(L17/5) -> 5.3802 | R17: 107604.2 | S17: 110927 | T17: 59384 | U17: 55104 | V17: 12429 | W17: 48239 | X17: 98094 | Y17: 1.48 | Z17: 0.265 | AA17: 0.317 | AB17: =M17/L17 -> 0.49954458 | AC17: =P17/L17 -> 4.402855 | AD17: =(AB17-AB$11)*162 -> -0.0397575 | AE17: =-(AC17-AC$11)*162 -> -0.13728937 | AF17: =(((13*V17)+(3*W17)-(2*X17))/R17)+$AF$1 -> 4.293419 | AG17: =(((R17*3)-X17)*0.966)+S17+W17+X17 -> 474338.17 | AH17: =V17/$AG17 -> 0.026202825 | AI17: =W17/$AG17 -> 0.10169749 | AJ17: =X17/$AG17 -> 0.20680183 | AK17: =(S17-V17)/$AG17 -> 0.20765354 | AL17: =SUMPRODUCT($AH$4:$AK$4,AH17:AK17) -> 0.32980115 | AM17: =AH17/AH$11 -> 0.97544948 | AN17: =AI17/AI$11 -> 1.3507212 | AO17: =AJ17/AJ$11 -> 0.96704353 | AP17: =AK17/AK$11 -> 0.97280109
A18: SP | B18: Control | C18: =_xlfn.CONCAT(D18,"/",E18,"/",F18,"/",G18,"/",H18,"/",I18) -> 50/97/50/50/45/50 | D18: 50 | E18: 97 | F18: 50 | G18: 50 | H18: 45 | I18: 50 | J18: 4.17 | K18: 2.6 | L18: =AVERAGE(L15:L17) -> 100000 | M18: =AVERAGE(M15:M17) -> 49960.653 | N18: =L18-M18 -> 50039.347 | O18: =AVERAGE(O15:O17) -> 439367.15 | P18: =AVERAGE(P15:P17) -> 440258.48 | Q18: =ROUND(R18,0)/(L18/5) -> 5.5361 | R18: 110722 | S18: 113307 | T18: 57505 | U18: 53415 | V18: 12726 | W18: 41631 | X18: 101087 | Y18: 1.4 | Z18: 0.263 | AA18: 0.314 | AB18: =M18/L18 -> 0.49960653 | AC18: =P18/L18 -> 4.4025848 | AD18: =(AB18-AB$11)*162 -> -0.0297225 | AE18: =-(AC18-AC$11)*162 -> -0.093530625 | AF18: =(((13*V18)+(3*W18)-(2*X18))/R18)+$AF$1 -> 4.0663703 | AG18: =(((R18*3)-X18)*0.966)+S18+W18+X18 -> 479247.31 | AH18: =V18/$AG18 -> 0.026554139 | AI18: =W18/$AG18 -> 0.086867467 | AJ18: =X18/$AG18 -> 0.21092867 | AK18: =(S18-V18)/$AG18 -> 0.20987285 | AL18: =SUMPRODUCT($AH$4:$AK$4,AH18:AK18) -> 0.32200472 | AM18: =AH18/AH$11 -> 0.98852783 | AN18: =AI18/AI$11 -> 1.1537525 | AO18: =AJ18/AJ$11 -> 0.98634143 | AP18: =AK18/AK$11 -> 0.98319796
A19: SP | B19: Control | C19: =_xlfn.CONCAT(D19,"/",E19,"/",F19,"/",G19,"/",H19,"/",I19) -> 50/97/50/50/55/50 | D19: 50 | E19: 97 | F19: 50 | G19: 50 | H19: 55 | I19: 50 | J19: 3.92 | K19: 3.4 | L19: =AVERAGE(L16:L18) -> 100000 | M19: =AVERAGE(M16:M18) -> 49958.422 | N19: =L19-M19 -> 50041.578 | O19: =AVERAGE(O16:O18) -> 439361.48 | P19: =AVERAGE(P16:P18) -> 440267.59 | Q19: =ROUND(R19,0)/(L19/5) -> 5.69285 | R19: 113857.1 | S19: 117721 | T19: 56687 | U19: 52754 | V19: 13187 | W19: 33990 | X19: 104233 | Y19: 1.33 | Z19: 0.264 | AA19: 0.316 | AB19: =M19/L19 -> 0.49958422 | AC19: =P19/L19 -> 4.4026759 | AD19: =(AB19-AB$11)*162 -> -0.033335625 | AE19: =-(AC19-AC$11)*162 -> -0.10828391 | AF19: =(((13*V19)+(3*W19)-(2*X19))/R19)+$AF$1 -> 3.8404891 | AG19: =(((R19*3)-X19)*0.966)+S19+W19+X19 -> 485212.8 | AH19: =V19/$AG19 -> 0.027177766 | AI19: =W19/$AG19 -> 0.070051738 | AJ19: =X19/$AG19 -> 0.21481915 | AK19: =(S19-V19)/$AG19 -> 0.21543949 | AL19: =SUMPRODUCT($AH$4:$AK$4,AH19:AK19) -> 0.31662194 | AM19: =AH19/AH$11 -> 1.0117435 | AN19: =AI19/AI$11 -> 0.93041008 | AO19: =AJ19/AJ$11 -> 1.004534 | AP19: =AK19/AK$11 -> 1.0092762
A20: SP | B20: Control | C20: =_xlfn.CONCAT(D20,"/",E20,"/",F20,"/",G20,"/",H20,"/",I20) -> 50/97/50/50/60/50 | D20: 50 | E20: 97 | F20: 50 | G20: 50 | H20: 60 | I20: 50 | J20: 3.84 | K20: 3.6 | L20: =AVERAGE(L17:L19) -> 100000 | M20: 50315 | N20: =L20-M20 -> 49685 | O20: 440510 | P20: 438558 | Q20: =ROUND(R20,0)/(L20/5) -> 5.77665 | R20: 115533 | S20: 118564 | T20: 55824 | U20: 51864 | V20: 13457 | W20: 31167 | X20: 105268 | Y20: 1.3 | Z20: 0.263 | AA20: 0.313 | AB20: =M20/L20 -> 0.50315 | AC20: =P20/L20 -> 4.38558 | AD20: =(AB20-AB$11)*162 -> 0.54432 | AE20: =-(AC20-AC$11)*162 -> 2.661255 | AF20: =(((13*V20)+(3*W20)-(2*X20))/R20)+$AF$1 -> 3.7713764 | AG20: =(((R20*3)-X20)*0.966)+S20+W20+X20 -> 488124.75 | AH20: =V20/$AG20 -> 0.027568772 | AI20: =W20/$AG20 -> 0.063850481 | AJ20: =X20/$AG20 -> 0.21565799 | AK20: =(S20-V20)/$AG20 -> 0.21532815 | AL20: =SUMPRODUCT($AH$4:$AK$4,AH20:AK20) -> 0.31280931 | AM20: =AH20/AH$11 -> 1.0262994 | AN20: =AI20/AI$11 -> 0.84804649 | AO20: =AJ20/AJ$11 -> 1.0084566 | AP20: =AK20/AK$11 -> 1.0087546
A21: SP | B21: Control | C21: =_xlfn.CONCAT(D21,"/",E21,"/",F21,"/",G21,"/",H21,"/",I21) -> 50/97/50/50/70/50 | D21: 50 | E21: 97 | F21: 50 | G21: 50 | H21: 70 | I21: 50 | J21: 3.69 | K21: 4 | L21: =AVERAGE(L18:L20) -> 100000 | M21: 50497 | N21: =L21-M21 -> 49503 | O21: 437892 | P21: 433644 | Q21: =ROUND(R21,0)/(L21/5) -> 5.88425 | R21: 117685.1 | S21: 120385 | T21: 54923 | U21: 51169 | V21: 13811 | W21: 26178 | X21: 108474 | Y21: 1.25 | Z21: 0.261 | AA21: 0.313 | AB21: =M21/L21 -> 0.50497 | AC21: =P21/L21 -> 4.33644 | AD21: =(AB21-AB$11)*162 -> 0.83916 | AE21: =-(AC21-AC$11)*162 -> 10.621935 | AF21: =(((13*V21)+(3*W21)-(2*X21))/R21)+$AF$1 -> 3.6196524 | AG21: =(((R21*3)-X21)*0.966)+S21+W21+X21 -> 491302.54 | AH21: =V21/$AG21 -> 0.028110989 | AI21: =W21/$AG21 -> 0.053282851 | AJ21: =X21/$AG21 -> 0.2207886 | AK21: =(S21-V21)/$AG21 -> 0.21692133 | AL21: =SUMPRODUCT($AH$4:$AK$4,AH21:AK21) -> 0.30783447 | AM21: =AH21/AH$11 -> 1.0464845 | AN21: =AI21/AI$11 -> 0.70768982 | AO21: =AJ21/AJ$11 -> 1.0324483 | AP21: =AK21/AK$11 -> 1.0162182
A22: SP | B22: Control | C22: 80 | D22: 80 | E22: 80 | F22: 80 | G22: 50 | I22: 50 | L22: =AVERAGE(L19:L21) -> 100000 | M22: 50498 | N22: =L22-M22 -> 49502 | O22: 437892 | P22: 433644
A23: SP | B23: Control | C23: =_xlfn.CONCAT(D23,"/",E23,"/",F23,"/",G23,"/",H23,"/",I23) -> 50/97/50/50/80/50 | D23: 50 | E23: 97 | F23: 50 | G23: 50 | H23: 80 | I23: 50 | J23: 3.53 | K23: 4.5 | L23: =AVERAGE(L19:L21) -> 100000 | M23: 50552 | N23: =L23-M23 -> 49448 | O23: 437833 | P23: 433920 | Q23: =ROUND(R23,0)/(L23/5) -> 6.01185 | R23: 120237.1 | S23: 123926 | T23: 54500 | U23: 50861 | V23: 14213 | W23: 20259 | X23: 110897 | Y23: 1.2 | Z23: 0.262 | AA23: 0.314 | AB23: =M23/L23 -> 0.50552 | AC23: =P23/L23 -> 4.3392 | AD23: =(AB23-AB$11)*162 -> 0.92826 | AE23: =-(AC23-AC$11)*162 -> 10.174815 | AF23: =(((13*V23)+(3*W23)-(2*X23))/R23)+$AF$1 -> 3.467712 | AG23: =(((R23*3)-X23)*0.966)+S23+W23+X23 -> 496402.61 | AH23: =V23/$AG23 -> 0.028632001 | AI23: =W23/$AG23 -> 0.04081163 | AJ23: =X23/$AG23 -> 0.22340132 | AK23: =(S23-V23)/$AG23 -> 0.22101616 | AL23: =SUMPRODUCT($AH$4:$AK$4,AH23:AK23) -> 0.3039232 | AM23: =AH23/AH$11 -> 1.0658801 | AN23: =AI23/AI$11 -> 0.5420501 | AO23: =AJ23/AJ$11 -> 1.0446658 | AP23: =AK23/AK$11 -> 1.0354014
A24: SP | B24: HRA | C24: =_xlfn.CONCAT(D24,"/",E24,"/",F24,"/",G24,"/",H24,"/",I24) -> 50/97/20/50/50/50 | D24: 50 | E24: 97 | F24: 20 | G24: 50 | H24: 50 | I24: 50 | J24: 7.6 | K24: -4.8 | L24: =AVERAGE(L20:L23) -> 100000 | M24: 46290 | N24: =L24-M24 -> 53710 | O24: 439261 | P24: 476876 | Q24: =ROUND(R24,0)/(L24/5) -> 4.69275 | R24: 93855 | S24: 123443 | T24: 87487 | U24: 83687 | V24: 41667 | W24: 32029 | X24: 93274 | Y24: 1.66 | Z24: 0.313 | AA24: 0.313 | AB24: =M24/L24 -> 0.4629 | AC24: =P24/L24 -> 4.76876 | AD24: =(AB24-AB$11)*162 -> -5.97618 | AE24: =-(AC24-AC$11)*162 -> -59.413905 | AF24: =(((13*V24)+(3*W24)-(2*X24))/R24)+$AF$1 -> 8.0776912 | AG24: =(((R24*3)-X24)*0.966)+S24+W24+X24 -> 430635.11 | AH24: =V24/$AG24 -> 0.096757091 | AI24: =W24/$AG24 -> 0.074376194 | AJ24: =X24/$AG24 -> 0.21659637 | AK24: =(S24-V24)/$AG24 -> 0.18989627 | AL24: =SUMPRODUCT($AH$4:$AK$4,AH24:AK24) -> 0.43013894 | AM24: =AH24/AH$11 -> 3.6019648 | AN24: =AI24/AI$11 -> 0.98784643 | AO24: =AJ24/AJ$11 -> 1.0128446 | AP24: =AK24/AK$11 -> 0.88961304
A25: SS | B25: HRA | C25: 80 | D25: 80 | E25: 80 | F25: 80 | G25: 100000 | H25: 51724 | I25: 50 | J25: 415854 | K25: 400604 | L25: =AVERAGE(L21:L24) -> 100000 | M25: 46291 | N25: =L25-M25 -> 53709 | O25: 439261 | P25: 476876
A26: SP | B26: HRA | C26: =_xlfn.CONCAT(D26,"/",E26,"/",F26,"/",G26,"/",H26,"/",I26) -> 50/97/25/50/50/50 | D26: 50 | E26: 97 | F26: 25 | G26: 50 | H26: 50 | I26: 50 | J26: 6.03 | K26: -1.9 | L26: =AVERAGE(L21:L24) -> 100000 | M26: 47427 | N26: =L26-M26 -> 52573 | O26: 436677 | P26: 463389 | Q26: =ROUND(R26,0)/(L26/5) -> 5.0562 | R26: 101124 | S26: 121787 | T26: 77951 | U26: 73942 | V26: 31990 | W26: 33825 | X26: 97092 | Y26: 1.54 | Z26: 0.294 | AA26: 0.314 | AB26: =M26/L26 -> 0.47427 | AC26: =P26/L26 -> 4.63389 | AD26: =(AB26-AB$11)*162 -> -4.13424 | AE26: =-(AC26-AC$11)*162 -> -37.564965 | AF26: =(((13*V26)+(3*W26)-(2*X26))/R26)+$AF$1 -> 6.4658594 | AG26: =(((R26*3)-X26)*0.966)+S26+W26+X26 -> 451970.48 | AH26: =V26/$AG26 -> 0.070778959 | AI26: =W26/$AG26 -> 0.074838959 | AJ26: =X26/$AG26 -> 0.21481934 | AK26: =(S26-V26)/$AG26 -> 0.1986789 | AL26: =SUMPRODUCT($AH$4:$AK$4,AH26:AK26) -> 0.38850563 | AM26: =AH26/AH$11 -> 2.63488 | AN26: =AI26/AI$11 -> 0.99399276 | AO26: =AJ26/AJ$11 -> 1.0045349 | AP26: =AK26/AK$11 -> 0.93075733
A27: SP | B27: HRA | C27: =_xlfn.CONCAT(D27,"/",E27,"/",F27,"/",G27,"/",H27,"/",I27) -> 50/97/30/50/50/50 | D27: 50 | E27: 97 | F27: 30 | G27: 50 | H27: 50 | I27: 50 | J27: 5.47 | K27: -0.6 | L27: =AVERAGE(L23:L26) -> 100000 | M27: 47998 | N27: =L27-M27 -> 52002 | O27: 438622 | P27: 457778 | Q27: =ROUND(R27,0)/(L27/5) -> 5.20915 | R27: 104183.1 | S27: 120727 | T27: 72932 | U27: 68959 | V27: 27509 | W27: 34811 | X27: 99259 | Y27: 1.49 | Z27: 0.287 | AA27: 0.315 | AB27: =M27/L27 -> 0.47998 | AC27: =P27/L27 -> 4.57778 | AD27: =(AB27-AB$11)*162 -> -3.20922 | AE27: =-(AC27-AC$11)*162 -> -28.475145 | AF27: =(((13*V27)+(3*W27)-(2*X27))/R27)+$AF$1 -> 5.7996771 | AG27: =(((R27*3)-X27)*0.966)+S27+W27+X27 -> 460835.43 | AH27: =V27/$AG27 -> 0.059693761 | AI27: =W27/$AG27 -> 0.075538897 | AJ27: =X27/$AG27 -> 0.21538926 | AK27: =(S27-V27)/$AG27 -> 0.20228045 | AL27: =SUMPRODUCT($AH$4:$AK$4,AH27:AK27) -> 0.37095736 | AM27: =AH27/AH$11 -> 2.2222126 | AN27: =AI27/AI$11 -> 1.0032892 | AO27: =AJ27/AJ$11 -> 1.0071999 | AP27: =AK27/AK$11 -> 0.94762962
A28: SP | B28: HRA | C28: =_xlfn.CONCAT(D28,"/",E28,"/",F28,"/",G28,"/",H28,"/",I28) -> 50/97/35/50/50/50 | D28: 50 | E28: 97 | F28: 35 | G28: 50 | H28: 50 | I28: 50 | J28: 4.97 | K28: 0.5 | L28: =AVERAGE(L24:L27) -> 100000 | M28: 48499 | N28: =L28-M28 -> 51501 | O28: 437462 | P28: 453046 | Q28: =ROUND(R28,0)/(L28/5) -> 5.36905 | R28: 107381.1 | S28: 119012 | T28: 67734 | U28: 63790 | V28: 22919 | W28: 35415 | X28: 100829 | Y28: 1.44 | Z28: 0.278 | AA28: 0.313 | AB28: =M28/L28 -> 0.48499 | AC28: =P28/L28 -> 4.53046 | AD28: =(AB28-AB$11)*162 -> -2.3976 | AE28: =-(AC28-AC$11)*162 -> -20.809305 | AF28: =(((13*V28)+(3*W28)-(2*X28))/R28)+$AF$1 -> 5.1562923 | AG28: =(((R28*3)-X28)*0.966)+S28+W28+X28 -> 469045.61 | AH28: =V28/$AG28 -> 0.048863052 | AI28: =W28/$AG28 -> 0.075504384 | AJ28: =X28/$AG28 -> 0.2149663 | AK28: =(S28-V28)/$AG28 -> 0.2048692 | AL28: =SUMPRODUCT($AH$4:$AK$4,AH28:AK28) -> 0.35237432 | AM28: =AH28/AH$11 -> 1.8190191 | AN28: =AI28/AI$11 -> 1.0028308 | AO28: =AJ28/AJ$11 -> 1.0052221 | AP28: =AK28/AK$11 -> 0.95975721
A29: SP | B29: HRA | C29: =_xlfn.CONCAT(D29,"/",E29,"/",F29,"/",G29,"/",H29,"/",I29) -> 50/97/40/50/50/50 | D29: 50 | E29: 97 | F29: 40 | G29: 50 | H29: 50 | I29: 50 | J29: 4.55 | K29: 1.6 | L29: =AVERAGE(L26:L28) -> 100000 | M29: 49116 | N29: =L29-M29 -> 50884 | O29: 438301 | P29: 446363 | Q29: =ROUND(R29,0)/(L29/5) -> 5.4952 | R29: 109904 | S29: 117235 | T29: 62857 | U29: 58761 | V29: 18417 | W29: 36272 | X29: 101934 | Y29: 1.4 | Z29: 0.27 | AA29: 0.313 | AB29: =M29/L29 -> 0.49116 | AC29: =P29/L29 -> 4.46363 | AD29: =(AB29-AB$11)*162 -> -1.39806 | AE29: =-(AC29-AC$11)*162 -> -9.982845 | AF29: =(((13*V29)+(3*W29)-(2*X29))/R29)+$AF$1 -> 4.5837608 | AG29: =(((R29*3)-X29)*0.966)+S29+W29+X29 -> 475474.55 | AH29: =V29/$AG29 -> 0.038733935 | AI29: =W29/$AG29 -> 0.076285892 | AJ29: =X29/$AG29 -> 0.21438372 | AK29: =(S29-V29)/$AG29 -> 0.20783026 | AL29: =SUMPRODUCT($AH$4:$AK$4,AH29:AK29) -> 0.33611534 | AM29: =AH29/AH$11 -> 1.4419436 | AN29: =AI29/AI$11 -> 1.0132106 | AO29: =AJ29/AJ$11 -> 1.0024978 | AP29: =AK29/AK$11 -> 0.97362898
A30: SP | B30: HRA | C30: =_xlfn.CONCAT(D30,"/",E30,"/",F30,"/",G30,"/",H30,"/",I30) -> 50/97/45/50/50/50 | D30: 50 | E30: 97 | F30: 45 | G30: 50 | H30: 50 | I30: 50 | J30: 4.19 | K30: 2.6 | L30: =AVERAGE(L27:L29) -> 100000 | M30: 49598 | N30: =L30-M30 -> 50402 | O30: 438408 | P30: 442528 | Q30: =ROUND(R30,0)/(L30/5) -> 5.57615 | R30: 111523.1 | S30: 116833 | T30: 59478 | U30: 55345 | V30: 15572 | W30: 36187 | X30: 102395 | Y30: 1.37 | Z30: 0.267 | AA30: 0.314 | AB30: =M30/L30 -> 0.49598 | AC30: =P30/L30 -> 4.42528 | AD30: =(AB30-AB$11)*162 -> -0.61722 | AE30: =-(AC30-AC$11)*162 -> -3.770145 | AF30: =(((13*V30)+(3*W30)-(2*X30))/R30)+$AF$1 -> 4.2225008 | AG30: =(((R30*3)-X30)*0.966)+S30+W30+X30 -> 479695.37 | AH30: =V30/$AG30 -> 0.032462268 | AI30: =W30/$AG30 -> 0.075437459 | AJ30: =X30/$AG30 -> 0.21345839 | AK30: =(S30-V30)/$AG30 -> 0.21109439 | AL30: =SUMPRODUCT($AH$4:$AK$4,AH30:AK30) -> 0.32650473 | AM30: =AH30/AH$11 -> 1.208469 | AN30: =AI30/AI$11 -> 1.0019419 | AO30: =AJ30/AJ$11 -> 0.99817083 | AP30: =AK30/AK$11 -> 0.98892052
A31: SP | B31: HRA | C31: =_xlfn.CONCAT(D31,"/",E31,"/",F31,"/",G31,"/",H31,"/",I31) -> 50/97/55/50/50/50 | D31: 50 | E31: 97 | F31: 55 | G31: 50 | H31: 50 | I31: 50 | J31: 3.9 | K31: 3.4 | L31: =AVERAGE(L28:L30) -> 100000 | M31: 49996 | N31: =L31-M31 -> 50004 | O31: 437278 | P31: 437523 | Q31: =ROUND(R31,0)/(L31/5) -> 5.66265 | R31: 113253.2 | S31: 115371 | T31: 55638 | U31: 51601 | V31: 11914 | W31: 36719 | X31: 103534 | Y31: 1.34 | Z31: 0.262 | AA31: 0.315 | AB31: =M31/L31 -> 0.49996 | AC31: =P31/L31 -> 4.37523 | AD31: =(AB31-AB$11)*162 -> 0.02754 | AE31: =-(AC31-AC$11)*162 -> 4.337955 | AF31: =(((13*V31)+(3*W31)-(2*X31))/R31)+$AF$1 -> 3.7820397 | AG31: =(((R31*3)-X31)*0.966)+S31+W31+X31 -> 483817.93 | AH31: =V31/$AG31 -> 0.024624966 | AI31: =W31/$AG31 -> 0.075894252 | AJ31: =X31/$AG31 -> 0.21399372 | AK31: =(S31-V31)/$AG31 -> 0.21383457 | AL31: =SUMPRODUCT($AH$4:$AK$4,AH31:AK31) -> 0.31426243 | AM31: =AH31/AH$11 -> 0.91671071 | AN31: =AI31/AI$11 -> 1.0080089 | AO31: =AJ31/AJ$11 -> 1.0006742 | AP31: =AK31/AK$11 -> 1.0017576
A32: SP | B32: HRA | C32: =_xlfn.CONCAT(D32,"/",E32,"/",F32,"/",G32,"/",H32,"/",I32) -> 50/97/60/50/50/50 | D32: 50 | E32: 97 | F32: 60 | G32: 50 | H32: 50 | I32: 50 | J32: 3.78 | K32: 3.8 | L32: =AVERAGE(L29:L31) -> 100000 | M32: 50143 | N32: =L32-M32 -> 49857 | O32: 437313 | P32: 437053 | Q32: =ROUND(R32,0)/(L32/5) -> 5.6909 | R32: 113818.1 | S32: 114139 | T32: 53727 | U32: 49850 | V32: 10571 | W32: 36975 | X32: 104307 | Y32: 1.33 | Z32: 0.258 | AA32: 0.314 | AB32: =M32/L32 -> 0.50143 | AC32: =P32/L32 -> 4.37053 | AD32: =(AB32-AB$11)*162 -> 0.26568 | AE32: =-(AC32-AC$11)*162 -> 5.099355 | AF32: =(((13*V32)+(3*W32)-(2*X32))/R32)+$AF$1 -> 3.6192698 | AG32: =(((R32*3)-X32)*0.966)+S32+W32+X32 -> 484505.29 | AH32: =V32/$AG32 -> 0.021818131 | AI32: =W32/$AG32 -> 0.076314956 | AJ32: =X32/$AG32 -> 0.21528557 | AK32: =(S32-V32)/$AG32 -> 0.21376031 | AL32: =SUMPRODUCT($AH$4:$AK$4,AH32:AK32) -> 0.30901852 | AM32: =AH32/AH$11 -> 0.812221 | AN32: =AI32/AI$11 -> 1.0135966 | AO32: =AJ32/AJ$11 -> 1.0067151 | AP32: =AK32/AK$11 -> 1.0014097
A33: SP | B33: HRA | C33: =_xlfn.CONCAT(D33,"/",E33,"/",F33,"/",G33,"/",H33,"/",I33) -> 50/97/70/50/50/50 | D33: 50 | E33: 97 | F33: 70 | G33: 50 | H33: 50 | I33: 50 | J33: 3.55 | K33: 4.5 | L33: =AVERAGE(L30:L32) -> 100000 | M33: 50805 | N33: =L33-M33 -> 49195 | O33: 439051 | P33: 432260 | Q33: =ROUND(R33,0)/(L33/5) -> 5.7647 | R33: 115294.1 | S33: 113428 | T33: 50890 | U33: 47094 | V33: 8536 | W33: 36804 | X33: 104677 | Y33: 1.3 | Z33: 0.255 | AA33: 0.313 | AB33: =M33/L33 -> 0.50805 | AC33: =P33/L33 -> 4.3226 | AD33: =(AB33-AB$11)*162 -> 1.33812 | AE33: =-(AC33-AC$11)*162 -> 12.864015 | AF33: =(((13*V33)+(3*W33)-(2*X33))/R33)+$AF$1 -> 3.3744761 | AG33: =(((R33*3)-X33)*0.966)+S33+W33+X33 -> 487913.32 | AH33: =V33/$AG33 -> 0.017494911 | AI33: =W33/$AG33 -> 0.075431431 | AJ33: =X33/$AG33 -> 0.21454016 | AK33: =(S33-V33)/$AG33 -> 0.21498081 | AL33: =SUMPRODUCT($AH$4:$AK$4,AH33:AK33) -> 0.30115985 | AM33: =AH33/AH$11 -> 0.65128099 | AN33: =AI33/AI$11 -> 1.0018618 | AO33: =AJ33/AJ$11 -> 1.0032294 | AP33: =AK33/AK$11 -> 1.0071274
A34: SP | B34: HRA | C34: =_xlfn.CONCAT(D34,"/",E34,"/",F34,"/",G34,"/",H34,"/",I34) -> 50/97/80/50/50/50 | D34: 50 | E34: 97 | F34: 80 | G34: 50 | H34: 50 | I34: 50 | J34: 3.32 | K34: 5.2 | L34: =AVERAGE(L31:L33) -> 100000 | M34: 50761 | N34: =L34-M34 -> 49239 | O34: 435986 | P34: 429492 | Q34: =ROUND(R34,0)/(L34/5) -> 5.7984 | R34: 115968.2 | S34: 112522 | T34: 48765 | U34: 44647 | V34: 6263 | W34: 37389 | X34: 104378 | Y34: 1.29 | Z34: 0.252 | AA34: 0.314 | AB34: =M34/L34 -> 0.50761 | AC34: =P34/L34 -> 4.29492 | AD34: =(AB34-AB$11)*162 -> 1.26684 | AE34: =-(AC34-AC$11)*162 -> 17.348175 | AF34: =(((13*V34)+(3*W34)-(2*X34))/R34)+$AF$1 -> 3.1393572 | AG34: =(((R34*3)-X34)*0.966)+S34+W34+X34 -> 489535.7 | AH34: =V34/$AG34 -> 0.012793756 | AI34: =W34/$AG34 -> 0.076376453 | AJ34: =X34/$AG34 -> 0.21321836 | AK34: =(S34-V34)/$AG34 -> 0.21706078 | AL34: =SUMPRODUCT($AH$4:$AK$4,AH34:AK34) -> 0.29473125 | AM34: =AH34/AH$11 -> 0.47627163 | AN34: =AI34/AI$11 -> 1.0144134 | AO34: =AJ34/AJ$11 -> 0.99704844 | AP34: =AK34/AK$11 -> 1.0168715
A35: SP | B35: HRAxCTRL | C35: =_xlfn.CONCAT(D35,"/",E35,"/",F35,"/",G35,"/",H35,"/",I35) -> 50/97/20/50/20/50 | D35: 50 | E35: 97 | F35: 20 | G35: 50 | H35: 20 | I35: 50 | J35: 10.21 | K35: -8.8 | L35: =AVERAGE(L32:L34) -> 100000 | M35: 45119 | N35: =L35-M35 -> 54881 | O35: 438959 | P35: 495517 | Q35: =ROUND(R35,0)/(L35/5) -> 3.7189 | R35: 74378 | S35: 95305 | T35: 95375 | U35: 91114 | V35: 31851 | W35: 85563 | X35: 71761 | Y35: 2.43 | Z35: 0.314 | AA35: 0.313 | AB35: =M35/L35 -> 0.45119 | AC35: =P35/L35 -> 4.95517 | AD35: =(AB35-AB$11)*162 -> -7.8732 | AE35: =-(AC35-AC$11)*162 -> -89.612325 | AF35: =(((13*V35)+(3*W35)-(2*X35))/R35)+$AF$1 -> 10.35869 | AG35: =(((R35*3)-X35)*0.966)+S35+W35+X35 -> 398855.32 | AH35: =V35/$AG35 -> 0.079856024 | AI35: =W35/$AG35 -> 0.2145214 | AJ35: =X35/$AG35 -> 0.17991737 | AK35: =(S35-V35)/$AG35 -> 0.15909027 | AL35: =SUMPRODUCT($AH$4:$AK$4,AH35:AK35) -> 0.46760235 | AM35: =AH35/AH$11 -> 2.9727908 | AN35: =AI35/AI$11 -> 2.8492208 | AO35: =AJ35/AJ$11 -> 0.84132685 | AP35: =AK35/AK$11 -> 0.7452952
A36: SP | B36: HRAxCTRL | C36: 80 | D36: 80 | E36: 80 | G36: 50 | I36: 50 | L36: =AVERAGE(L33:L35) -> 100000 | M36: 45120 | N36: =L36-M36 -> 54880 | O36: 438959 | P36: 495517
A37: SP | B37: PBABIP | C37: =_xlfn.CONCAT(D37,"/",E37,"/",F37,"/",G37,"/",H37,"/",I37) -> 50/97/50/20/50/50 | D37: 50 | E37: 97 | F37: 50 | G37: 20 | H37: 50 | I37: 50 | J37: 4.07 | K37: 2.7 | L37: =AVERAGE(L33:L35) -> 100000 | M37: 49398 | N37: =L37-M37 -> 50602 | O37: 438852 | P37: 443783 | Q37: =ROUND(R37,0)/(L37/5) -> 5.48455 | R37: 109691 | S37: 121782 | T37: 60670 | U37: 56506 | V37: 13148 | W37: 35719 | X37: 102941 | Y37: 1.44 | Z37: 0.279 | AA37: 0.336 | AB37: =M37/L37 -> 0.49398 | AC37: =P37/L37 -> 4.43783 | AD37: =(AB37-AB$11)*162 -> -0.94122 | AE37: =-(AC37-AC$11)*162 -> -5.803245 | AF37: =(((13*V37)+(3*W37)-(2*X37))/R37)+$AF$1 -> 3.9283725 | AG37: =(((R37*3)-X37)*0.966)+S37+W37+X37 -> 478885.51 | AH37: =V37/$AG37 -> 0.027455414 | AI37: =W37/$AG37 -> 0.074587765 | AJ37: =X37/$AG37 -> 0.21495952 | AK37: =(S37-V37)/$AG37 -> 0.22684754 | AL37: =SUMPRODUCT($AH$4:$AK$4,AH37:AK37) -> 0.33171811 | AM37: =AH37/AH$11 -> 1.0220795 | AN37: =AI37/AI$11 -> 0.99065647 | AO37: =AJ37/AJ$11 -> 1.0051904 | AP37: =AK37/AK$11 -> 1.0627198
A38: SP | B38: STAM | C38: =_xlfn.CONCAT(D38,"/",E38,"/",F38,"/",G38,"/",H38,"/",I38) -> 50/97/50/50/50/40 | D38: 50 | E38: 97 | F38: 50 | G38: 50 | H38: 50 | I38: 40 | J38: 4 | K38: 3.1 | L38: =AVERAGE(L34:L37) -> 100000 | M38: 49963 | N38: =L38-M38 -> 50037 | O38: 439305 | P38: 439196 | Q38: =ROUND(R38,0)/(L38/5) -> 5.30765 | R38: 106153 | S38: 109133 | T38: 53948 | U38: 50248 | V38: 12468 | W38: 34194 | X38: 97681 | Y38: 1.35 | Z38: 0.263 | AA38: 0.315 | AB38: =M38/L38 -> 0.49963 | AC38: =P38/L38 -> 4.39196 | AD38: =(AB38-AB$11)*162 -> -0.02592 | AE38: =-(AC38-AC$11)*162 -> 1.627695 | AF38: =(((13*V38)+(3*W38)-(2*X38))/R38)+$AF$1 -> 3.9230379 | AG38: =(((R38*3)-X38)*0.966)+S38+W38+X38 -> 454279.55 | AH38: =V38/$AG38 -> 0.027445656 | AI38: =W38/$AG38 -> 0.075270833 | AJ38: =X38/$AG38 -> 0.21502399 | AK38: =(S38-V38)/$AG38 -> 0.21278748 | AL38: =SUMPRODUCT($AH$4:$AK$4,AH38:AK38) -> 0.31827777 | AM38: =AH38/AH$11 -> 1.0217162 | AN38: =AI38/AI$11 -> 0.99972882 | AO38: =AJ38/AJ$11 -> 1.0054919 | AP38: =AK38/AK$11 -> 0.99685222
A39: SP | B39: STAM | C39: 80 | D39: 80 | E39: 80
A40: SP | B40: STAM | C40: =_xlfn.CONCAT(D40,"/",E40,"/",F40,"/",G40,"/",H40,"/",I40) -> 50/97/50/50/50/45 | D40: 50 | E40: 97 | F40: 50 | G40: 50 | H40: 50 | I40: 45 | J40: 4 | K40: 3.1 | L40: =AVERAGE(L35:L38) -> 100000 | M40: 49861 | N40: =L40-M40 -> 50139 | O40: 438774 | P40: 439285 | Q40: =ROUND(R40,0)/(L40/5) -> 5.53055 | R40: 110611 | S40: 112748 | T40: 55589 | U40: 51775 | V40: 12982 | W40: 35603 | X40: 101565 | Y40: 1.34 | Z40: 0.261 | AA40: 0.313 | AB40: =M40/L40 -> 0.49861 | AC40: =P40/L40 -> 4.39285 | AD40: =(AB40-AB$11)*162 -> -0.19116 | AE40: =-(AC40-AC$11)*162 -> 1.483515 | AF40: =(((13*V40)+(3*W40)-(2*X40))/R40)+$AF$1 -> 3.9251219 | AG40: =(((R40*3)-X40)*0.966)+S40+W40+X40 -> 472354.89 | AH40: =V40/$AG40 -> 0.027483573 | AI40: =W40/$AG40 -> 0.075373413 | AJ40: =X40/$AG40 -> 0.21501842 | AK40: =(S40-V40)/$AG40 -> 0.21120984 | AL40: =SUMPRODUCT($AH$4:$AK$4,AH40:AK40) -> 0.31686441 | AM40: =AH40/AH$11 -> 1.0231277 | AN40: =AI40/AI$11 -> 1.0010913 | AO40: =AJ40/AJ$11 -> 1.0054658 | AP40: =AK40/AK$11 -> 0.98946139
A41: SP | B41: STAM | C41: =_xlfn.CONCAT(D41,"/",E41,"/",F41,"/",G41,"/",H41,"/",I41) -> 50/97/50/50/50/55 | D41: 50 | E41: 97 | F41: 50 | G41: 50 | H41: 50 | I41: 55 | J41: 4 | K41: 3.1 | L41: =AVERAGE(L37:L40) -> 100000 | M41: 49950 | N41: =L41-M41 -> 50050 | O41: 436189 | P41: 436756 | Q41: =ROUND(R41,0)/(L41/5) -> 5.71945 | R41: 114389.1 | S41: 117447 | T41: 57822 | U41: 53883 | V41: 13649 | W41: 36528 | X41: 105071 | Y41: 1.35 | Z41: 0.263 | AA41: 0.314 | AB41: =M41/L41 -> 0.4995 | AC41: =P41/L41 -> 4.36756 | AD41: =(AB41-AB$11)*162 -> -0.04698 | AE41: =-(AC41-AC$11)*162 -> 5.580495 | AF41: =(((13*V41)+(3*W41)-(2*X41))/R41)+$AF$1 -> 3.9422522 | AG41: =(((R41*3)-X41)*0.966)+S41+W41+X41 -> 489047.03 | AH41: =V41/$AG41 -> 0.027909381 | AI41: =W41/$AG41 -> 0.074692204 | AJ41: =X41/$AG41 -> 0.21484846 | AK41: =(S41-V41)/$AG41 -> 0.21224544 | AL41: =SUMPRODUCT($AH$4:$AK$4,AH41:AK41) -> 0.31822904 | AM41: =AH41/AH$11 -> 1.0389793 | AN41: =AI41/AI$11 -> 0.9920436 | AO41: =AJ41/AJ$11 -> 1.0046711 | AP41: =AK41/AK$11 -> 0.99431289
A42: SP | B42: STAM | C42: 80 | D42: 80 | E42: 80
A43: SP | B43: STAM | C43: =_xlfn.CONCAT(D43,"/",E43,"/",F43,"/",G43,"/",H43,"/",I43) -> 50/97/50/50/50/60 | D43: 50 | E43: 97 | F43: 50 | G43: 50 | H43: 50 | I43: 60 | J43: 4 | K43: 3.1 | L43: =AVERAGE(L38:L41) -> 100000 | M43: 49570 | N43: =L43-M43 -> 50430 | O43: 435976 | P43: 439873 | Q43: =ROUND(R43,0)/(L43/5) -> 5.83295 | R43: 116659 | S43: 119899 | T43: 58670 | U43: 54527 | V43: 13763 | W43: 37583 | X43: 106948 | Y43: 1.35 | Z43: 0.263 | AA43: 0.314 | AB43: =M43/L43 -> 0.4957 | AC43: =P43/L43 -> 4.39873 | AD43: =(AB43-AB$11)*162 -> -0.66258 | AE43: =-(AC43-AC$11)*162 -> 0.530955 | AF43: =(((13*V43)+(3*W43)-(2*X43))/R43)+$AF$1 -> 3.9368299 | AG43: =(((R43*3)-X43)*0.966)+S43+W43+X43 -> 499196.01 | AH43: =V43/$AG43 -> 0.027570332 | AI43: =W43/$AG43 -> 0.075287059 | AJ43: =X43/$AG43 -> 0.21424049 | AK43: =(S43-V43)/$AG43 -> 0.21261388 | AL43: =SUMPRODUCT($AH$4:$AK$4,AH43:AK43) -> 0.31836078 | AM43: =AH43/AH$11 -> 1.0263575 | AN43: =AI43/AI$11 -> 0.99994433 | AO43: =AJ43/AJ$11 -> 1.0018281 | AP43: =AK43/AK$11 -> 0.99603894
A44: SP | B44: STAM | C44: =_xlfn.CONCAT(D44,"/",E44,"/",F44,"/",G44,"/",H44,"/",I44) -> 50/97/50/50/50/65 | D44: 50 | E44: 97 | F44: 50 | G44: 50 | H44: 50 | I44: 65 | J44: 4 | K44: 3.1 | L44: =AVERAGE(L40:L43) -> 100000 | M44: 50013 | N44: =L44-M44 -> 49987 | O44: 439040 | P44: 440597 | Q44: =ROUND(R44,0)/(L44/5) -> 5.92595 | R44: 118519.1 | S44: 121348 | T44: 59628 | U44: 55560 | V44: 13967 | W44: 38205 | X44: 108373 | Y44: 1.35 | Z44: 0.262 | AA44: 0.313 | AB44: =M44/L44 -> 0.50013 | AC44: =P44/L44 -> 4.40597 | AD44: =(AB44-AB$11)*162 -> 0.05508 | AE44: =-(AC44-AC$11)*162 -> -0.641925 | AF44: =(((13*V44)+(3*W44)-(2*X44))/R44)+$AF$1 -> 3.9404407 | AG44: =(((R44*3)-X44)*0.966)+S44+W44+X44 -> 506706.03 | AH44: =V44/$AG44 -> 0.027564306 | AI44: =W44/$AG44 -> 0.075398747 | AJ44: =X44/$AG44 -> 0.21387746 | AK44: =(S44-V44)/$AG44 -> 0.21191972 | AL44: =SUMPRODUCT($AH$4:$AK$4,AH44:AK44) -> 0.31774254 | AM44: =AH44/AH$11 -> 1.0261332 | AN44: =AI44/AI$11 -> 1.0014277 | AO44: =AJ44/AJ$11 -> 1.0001305 | AP44: =AK44/AK$11 -> 0.99278699
A45: SP | B45: STAM | C45: 80 | D45: 80 | E45: 80 | F45: 50 | G45: 50 | H45: 50 | I45: 70 | J45: 4 | K45: 3.1 | L45: =AVERAGE(L41:L44) -> 100000 | M45: 49620 | N45: =L45-M45 -> 50380 | O45: 435383 | P45: 438150 | Q45: =ROUND(R45,0)/(L45/5) -> 5.99215 | R45: 119843 | S45: 123388 | T45: 60543 | U45: 56431 | V45: 14370 | W45: 38268 | X45: 110248 | Y45: 1.35 | Z45: 0.263 | AA45: 0.315 | AB45: =M45/L45 -> 0.4962 | AC45: =P45/L45 -> 4.3815 | AD45: =(AB45-AB$11)*162 -> -0.58158 | AE45: =-(AC45-AC$11)*162 -> 3.322215 | AF45: =(((13*V45)+(3*W45)-(2*X45))/R45)+$AF$1 -> 3.9470379 | AG45: =(((R45*3)-X45)*0.966)+S45+W45+X45 -> 512709.45 | AH45: =V45/$AG45 -> 0.02802757 | AI45: =W45/$AG45 -> 0.074638765 | AJ45: =X45/$AG45 -> 0.21503017 | AK45: =(S45-V45)/$AG45 -> 0.21263115 | AL45: =SUMPRODUCT($AH$4:$AK$4,AH45:AK45) -> 0.31880272 | AM45: =AH45/AH$11 -> 1.0433791 | AN45: =AI45/AI$11 -> 0.99133385 | AO45: =AJ45/AJ$11 -> 1.0055208 | AP45: =AK45/AK$11 -> 0.99611986
A46: SP | B46: STAM | C46: =_xlfn.CONCAT(D46,"/",E46,"/",F46,"/",G46,"/",H46,"/",I46) -> 50/97/50/50/50/75 | D46: 50 | E46: 97 | F46: 50 | G46: 50 | H46: 50 | I46: 75 | J46: 4 | K46: 3.1 | L46: =AVERAGE(L43:L45) -> 100000 | M46: 49842 | N46: =L46-M46 -> 50158 | O46: 439164 | P46: 440450 | Q46: =ROUND(R46,0)/(L46/5) -> 6.05525 | R46: 121105.1 | S46: 124219 | T46: 60983 | U46: 56736 | V46: 14328 | W46: 38777 | X46: 111251 | Y46: 1.35 | Z46: 0.263 | AA46: 0.314 | AB46: =M46/L46 -> 0.49842 | AC46: =P46/L46 -> 4.4045 | AD46: =(AB46-AB$11)*162 -> -0.22194 | AE46: =-(AC46-AC$11)*162 -> -0.403785 | AF46: =(((13*V46)+(3*W46)-(2*X46))/R46)+$AF$1 -> 3.9315201 | AG46: =(((R46*3)-X46)*0.966)+S46+W46+X46 -> 517741.11 | AH46: =V46/$AG46 -> 0.027674063 | AI46: =W46/$AG46 -> 0.074896505 | AJ46: =X46/$AG46 -> 0.21487766 | AK46: =(S46-V46)/$AG46 -> 0.21225087 | AL46: =SUMPRODUCT($AH$4:$AK$4,AH46:AK46) -> 0.31792264 | AM46: =AH46/AH$11 -> 1.0302191 | AN46: =AI46/AI$11 -> 0.99475708 | AO46: =AJ46/AJ$11 -> 1.0048076 | AP46: =AK46/AK$11 -> 0.99433833
A47: SP | B47: STAM | C47: =_xlfn.CONCAT(D47,"/",E47,"/",F47,"/",G47,"/",H47,"/",I47) -> 50/97/50/50/50/80 | D47: 50 | E47: 97 | F47: 50 | G47: 50 | H47: 50 | I47: 80 | J47: 4 | K47: 3.1 | L47: =AVERAGE(L44:L46) -> 100000 | M47: 49834 | N47: =L47-M47 -> 50166 | O47: 437951 | P47: 438212 | Q47: =ROUND(R47,0)/(L47/5) -> 6.09845 | R47: 121969.1 | S47: 125597 | T47: 61905 | U47: 57595 | V47: 14426 | W47: 39421 | X47: 111478 | Y47: 1.35 | Z47: 0.263 | AA47: 0.314 | AB47: =M47/L47 -> 0.49834 | AC47: =P47/L47 -> 4.38212 | AD47: =(AB47-AB$11)*162 -> -0.2349 | AE47: =-(AC47-AC$11)*162 -> 3.221775 | AF47: =(((13*V47)+(3*W47)-(2*X47))/R47)+$AF$1 -> 3.9493984 | AG47: =(((R47*3)-X47)*0.966)+S47+W47+X47 -> 522274.7 | AH47: =V47/$AG47 -> 0.027621479 | AI47: =W47/$AG47 -> 0.075479436 | AJ47: =X47/$AG47 -> 0.21344706 | AK47: =(S47-V47)/$AG47 -> 0.21285925 | AL47: =SUMPRODUCT($AH$4:$AK$4,AH47:AK47) -> 0.31884184 | AM47: =AH47/AH$11 -> 1.0282616 | AN47: =AI47/AI$11 -> 1.0024994 | AO47: =AJ47/AJ$11 -> 0.99811787 | AP47: =AK47/AK$11 -> 0.99718843

Sheet Sheet4
A1: SUMMARY OUTPUT
A3: Regression Statistics
A4: Multiple R | B4: 0.99527233
A5: R Square | B5: 0.99056701
A6: Adjusted R Square | B6: 0.98997745
A7: Standard Error | B7: 0.23823266
A8: Observations | B8: 18
A10: ANOVA
B11: df | C11: SS | D11: MS | E11: F | F11: Significance F
A12: Regression | B12: 1 | C12: 95.35802 | D12: 95.35802 | E12: 1680.1754 | F12: 1.2362916e-17
A13: Residual | B13: 16 | C13: 0.9080768 | D13: 0.0567548
A14: Total | B14: 17 | C14: 96.266097
B16: Coefficients | C16: Standard Error | D16: t Stat | E16: P-value | F16: Lower 95% | G16: Upper 95% | H16: Lower 95.0% | I16: Upper 95.0%
A17: Intercept | B17: 0.030555509 | C17: 0.056187163 | D17: 0.54381654 | E17: 0.59406511 | F17: -0.088555956 | G17: 0.14966697 | H17: -0.088555956 | I17: 0.14966697
A18: X Variable 1 | B18: 0.10773416 | C18: 0.0026283073 | D18: 40.989943 | E18: 1.2362916e-17 | F18: 0.1021624 | G18: 0.11330593 | H18: 0.1021624 | I18: 0.11330593

Sheet Sheet5
A1: SUMMARY OUTPUT
A3: Regression Statistics
A4: Multiple R | B4: 0.99396469
A5: R Square | B5: 0.9879658
A6: Adjusted R Square | B6: 0.98646152
A7: Standard Error | B7: 0.31204112
A8: Observations | B8: 10
A10: ANOVA
B11: df | C11: SS | D11: MS | E11: F | F11: Significance F
A12: Regression | B12: 1 | C12: 63.949671 | D12: 63.949671 | E12: 656.77206 | F12: 5.7627306e-09
A13: Residual | B13: 8 | C13: 0.77895726 | D13: 0.097369658
A14: Total | B14: 9 | C14: 64.728628
B16: Coefficients | C16: Standard Error | D16: t Stat | E16: P-value | F16: Lower 95% | G16: Upper 95% | H16: Lower 95.0% | I16: Upper 95.0%
A17: Intercept | B17: 0.15660206 | C17: 0.10130515 | D17: 1.5458451 | E17: 0.16072548 | F17: -0.077008025 | G17: 0.39021215 | H17: -0.077008025 | I17: 0.39021215
A18: X Variable 1 | B18: 0.10429002 | C18: 0.0040694473 | D18: 25.627564 | E18: 5.7627306e-09 | F18: 0.094905861 | G18: 0.11367419 | H18: 0.094905861 | I18: 0.11367419

Sheet Sheet6
A1: SUMMARY OUTPUT
A3: Regression Statistics
A4: Multiple R | B4: 0.99568779
A5: R Square | B5: 0.99139417
A6: Adjusted R Square | B6: 0.99129293
A7: Standard Error | B7: 0.20737254
A8: Observations | B8: 87
A10: ANOVA
B11: df | C11: SS | D11: MS | E11: F | F11: Significance F
A12: Regression | B12: 1 | C12: 421.09013 | D12: 421.09013 | E12: 9792.0258 | F12: 1.4671623e-89
A13: Residual | B13: 85 | C13: 3.6552866 | D13: 0.043003372
A14: Total | B14: 86 | C14: 424.74541
B16: Coefficients | C16: Standard Error | D16: t Stat | E16: P-value | F16: Lower 95% | G16: Upper 95% | H16: Lower 95.0% | I16: Upper 95.0%
A17: Intercept | B17: 0.064680919 | C17: 0.02225819 | D17: 2.9059379 | E17: 0.0046673386 | F17: 0.020425674 | G17: 0.10893616 | H17: 0.020425674 | I17: 0.10893616
A18: X Variable 1 | B18: 0.10553732 | C18: 0.0010665219 | D18: 98.954665 | E18: 1.4671623e-89 | F18: 0.10341679 | G18: 0.10765785 | H18: 0.10341679 | I18: 0.10765785

Sheet Sheet7
H1: Team A | I1: Team A | J1: Team A | K1: Team A | L1: Team A | M1: Team A | N1: Team A | O1: Team A | P1: Team A
A2: Position | B2: Name | C2: Range/Blocking | D2: Error/Framing | E2: Arm | F2: Turn DP | G2: Games | H2: W | I2: L | J2: Runs scored | K2: Runs allowed | L2: winpct | M2: run score/G | N2: run conc/G | O2: win/162 delta | P2: run/162 delta
A3: C | B3: BLK20xFRM20xARM20 | C3: 20 | D3: 20 | E3: 20 | G3: 100000 | H3: 46751 | I3: 53249 | J3: 413786 | K3: 444647 | L3: 0.46751 | M3: 4.13786 | N3: 4.44647 | O3: -5.17536 | P3: -47.10528
A4: C | B4: BLK80xFRM80xARM80 | C4: 80 | D4: 80 | E4: 80 | G4: 100000 | H4: 51038 | I4: 48962 | J4: 414656 | K4: 406109 | L4: 0.51038 | M4: 4.14656 | N4: 4.06109 | O4: 1.76958 | P4: 15.32628
A5: C | B5: BLK55xFRM20xARM55 | C5: 55 | D5: 20 | E5: 55 | G5: 100000 | H5: 47454 | I5: 52546 | J5: 414960 | K5: 439159 | L5: 0.47454 | M5: 4.1496 | N5: 4.39159 | O5: -4.0365 | P5: -38.21472
A6: C | B6: BLK55xFRM30xARM55 | C6: 55 | D6: 30 | E6: 55 | G6: 100000 | H6: 47887 | I6: 52113 | J6: 415867 | K6: 436120 | L6: 0.47887 | M6: 4.15867 | N6: 4.3612 | O6: -3.33504 | P6: -33.29154
A7: C | B7: BLK55xFRM40xARM55 | C7: 55 | D7: 40 | E7: 55 | G7: 100000 | H7: 48684 | I7: 51316 | J7: 415923 | K7: 427999 | L7: 0.48684 | M7: 4.15923 | N7: 4.27999 | O7: -2.0439 | P7: -20.13552
A8: C | B8: BLK55xFRM45xARM55 | C8: 55 | D8: 45 | E8: 55 | G8: 100000 | H8: 49145 | I8: 50855 | J8: 416235 | K8: 423283 | L8: 0.49145 | M8: 4.16235 | N8: 4.23283 | O8: -1.29708 | P8: -12.4956
A9: C | B9: BLK55xFRM50xARM55 | C9: 55 | D9: 50 | E9: 55 | G9: 100000 | H9: 49933 | I9: 50067 | J9: 416983 | K9: 418313 | L9: 0.49933 | M9: 4.16983 | N9: 4.18313 | O9: -0.02052 | P9: -4.4442
A10: C | B10: BLK55xFRM60xARM55 | C10: 55 | D10: 60 | E10: 55 | G10: 100000 | H10: 50419 | I10: 49581 | J10: 416968 | K10: 412370 | L10: 0.50419 | M10: 4.16968 | N10: 4.1237 | O10: 0.7668 | P10: 5.18346
A11: C | B11: BLK55xFRM65xARM55 | C11: 55 | D11: 65 | E11: 55 | G11: 100000 | H11: 50664 | I11: 49336 | J11: 415568 | K11: 409859 | L11: 0.50664 | M11: 4.15568 | N11: 4.09859 | O11: 1.1637 | P11: 9.25128
A12: C | B12: BLK55xFRM70xARM55 | C12: 55 | D12: 70 | E12: 55 | G12: 100000 | H12: 50339 | I12: 49661 | J12: 414243 | K12: 410691 | L12: 0.50339 | M12: 4.14243 | N12: 4.10691 | O12: 0.6372 | P12: 7.90344
A13: C | B13: BLK55xFRM80xARM55 | C13: 55 | D13: 80 | E13: 55 | G13: 100000 | H13: 50542 | I13: 49458 | J13: 414913 | K13: 410988 | L13: 0.50542 | M13: 4.14913 | N13: 4.10988 | O13: 0.96606 | P13: 7.4223
A14: 1B | B14: RNG20xERR20xARM20xTDP20 | C14: 20 | D14: 20 | E14: 20 | F14: 20 | G14: 100000 | H14: 49736 | I14: 50264 | J14: 415773 | K14: 417744 | L14: 0.49736 | M14: 4.15773 | N14: 4.17744 | O14: -0.33966 | P14: -3.52242
A15: 1B | B15: RNG80xERR80xARM80xTDP80 | C15: 80 | D15: 80 | E15: 80 | F15: 80 | G15: 100000 | H15: 50623 | I15: 49377 | J15: 415236 | K15: 409497 | L15: 0.50623 | M15: 4.15236 | N15: 4.09497 | O15: 1.09728 | P15: 9.83772
A16: 2B | B16: RNG20xERR20xARM20xTDP20 | C16: 20 | D16: 20 | E16: 20 | F16: 20 | G16: 100000 | H16: 46275 | I16: 53725 | J16: 414601 | K16: 451988 | L16: 0.46275 | M16: 4.14601 | N16: 4.51988 | O16: -5.94648 | P16: -58.9977
A17: 2B | B17: RNG80xERR80xARM80xTDP80 | C17: 80 | D17: 80 | E17: 80 | F17: 80 | G17: 100000 | H17: 50523 | I17: 49477 | J17: 415708 | K17: 410767 | L17: 0.50523 | M17: 4.15708 | N17: 4.10767 | O17: 0.93528 | P17: 7.78032
A18: 2B | B18: RNG20xERR55xARM50xTDP55 | C18: 20 | D18: 55 | E18: 50 | F18: 55 | G18: 100000 | H18: 47665 | I18: 52335 | J18: 416656 | K18: 438463 | L18: 0.47665 | M18: 4.16656 | N18: 4.38463 | O18: -3.69468 | P18: -37.0872
A19: 2B | B19: RNG40xERR55xARM50xTDP55 | C19: 40 | D19: 55 | E19: 50 | F19: 55 | G19: 100000 | H19: 47778 | I19: 52222 | J19: 413683 | K19: 435437 | L19: 0.47778 | M19: 4.13683 | N19: 4.35437 | O19: -3.51162 | P19: -32.18508
A20: 2B | B20: RNG50xERR55xARM50xTDP55 | C20: 50 | D20: 55 | E20: 50 | F20: 55 | G20: 100000 | H20: 48526 | I20: 51474 | J20: 415551 | K20: 431220 | L20: 0.48526 | M20: 4.15551 | N20: 4.3122 | O20: -2.29986 | P20: -25.35354
A21: 2B | B21: RNG60xERR55xARM50xTDP55 | C21: 60 | D21: 55 | E21: 50 | F21: 55 | G21: 100000 | H21: 50026 | I21: 49974 | J21: 414326 | K21: 413870 | L21: 0.50026 | M21: 4.14326 | N21: 4.1387 | O21: 0.13014 | P21: 2.75346
A22: 2B | B22: RNG65xERR55xARM50xTDP55 | C22: 65 | D22: 55 | E22: 50 | F22: 55 | G22: 100000 | H22: 49941 | I22: 50059 | J22: 414630 | K22: 414048 | L22: 0.49941 | M22: 4.1463 | N22: 4.14048 | O22: -0.00756 | P22: 2.4651
A23: 2B | B23: RNG70xERR55xARM50xTDP55 | C23: 70 | D23: 55 | E23: 50 | F23: 55 | G23: 100000 | H23: 50060 | I23: 49940 | J23: 415341 | K23: 414307 | L23: 0.5006 | M23: 4.15341 | N23: 4.14307 | O23: 0.18522 | P23: 2.04552
A24: 2B | B24: RNG80xERR55xARM50xTDP55 | C24: 80 | D24: 55 | E24: 50 | F24: 55 | G24: 100000 | H24: 49922 | I24: 50078 | J24: 415474 | K24: 415755 | L24: 0.49922 | M24: 4.15474 | N24: 4.15755 | O24: -0.03834 | P24: -0.30024
A25: 3B | B25: RNG20xERR20xARM20xTDP20 | C25: 20 | D25: 20 | E25: 20 | F25: 20 | G25: 100000 | H25: 47576 | I25: 52424 | J25: 414601 | K25: 438552 | L25: 0.47576 | M25: 4.14601 | N25: 4.38552 | O25: -3.83886 | P25: -37.23138
... A52: SS | B52: RNG80xERR60xARM60xTDP60 | C52: 80 | D52: 60 | E52: 60 | F52: 60 | G52: 100000 | H52: 51192 | I52: 48808 | J52: 416285 | K52: 405337 | L52: 0.51192 | M52: 4.16285 | N52: 4.05337 | O52: 2.01906 | P52: 16.57692
A53: CF | B53: RNG20xERR20xARM20 | C53: 20 | D53: 20 | E53: 20 | G53: 100000 | H53: 48447 | I53: 51553 | J53: 413764 | K53: 429546 | L53: 0.48447 | M53: 4.13764 | N53: 4.29546 | O53: -2.42784 | P53: -22.64166
A54: CF | B54: RNG80xERR80xARM80 | C54: 80 | D54: 80 | E54: 80 | G54: 100000 | H54: 52218 | I54: 47782 | J54: 414993 | K54: 392942 | L54: 0.52218 | M54: 4.14993 | N54: 3.92942 | O54: 3.68118 | P54: 36.65682
A55: CF | B55: RNG20xERR50xARM55 | C55: 20 | D55: 50 | E55: 55 | G55: 100000 | H55: 49330 | I55: 50670 | J55: 415075 | K55: 423298 | L55: 0.4933 | M55: 4.15075 | N55: 4.23298 | O55: -0.99738 | P55: -12.5199
A56: CF | B56: RNG40xERR50xARM55 | C56: 40 | D56: 50 | E56: 55 | G56: 100000 | H56: 49276 | I56: 50724 | J56: 414856 | K56: 422443 | L56: 0.49276 | M56: 4.14856 | N56: 4.22443 | O56: -1.08486 | P56: -11.1348
A57: CF | B57: RNG50xERR50xARM55 | C57: 50 | D57: 50 | E57: 55 | G57: 100000 | H57: 49514 | I57: 50486 | J57: 416688 | K57: 421084 | L57: 0.49514 | M57: 4.16688 | N57: 4.21084 | O57: -0.6993 | P57: -8.93322
A58: CF | B58: RNG55xERR50xARM55 | C58: 55 | D58: 50 | E58: 55 | G58: 100000 | H58: 49245 | I58: 50755 | J58: 414473 | K58: 422666 | L58: 0.49245 | M58: 4.14473 | N58: 4.22666 | O58: -1.13508 | P58: -11.49606
A59: CF | B59: RNG65xERR50xARM55 | C59: 65 | D59: 50 | E59: 55 | G59: 100000 | H59: 51861 | I59: 48139 | J59: 416826 | K59: 398700 | L59: 0.51861 | M59: 4.16826 | N59: 3.987 | O59: 3.10284 | P59: 27.32886
A60: CF | B60: RNG70xERR50xARM55 | C60: 70 | D60: 50 | E60: 55 | G60: 100000 | H60: 51797 | I60: 48203 | J60: 415809 | K60: 396903 | L60: 0.51797 | M60: 4.15809 | N60: 3.96903 | O60: 2.99916 | P60: 30.24
A61: CF | B61: RNG75xERR50xARM55 | C61: 75 | D61: 50 | E61: 55 | G61: 100000 | H61: 52058 | I61: 47942 | J61: 414954 | K61: 397616 | L61: 0.52058 | M61: 4.14954 | N61: 3.97616 | O61: 3.42198 | P61: 29.08494
A62: CF | B62: RNG80xERR50xARM55 | C62: 80 | D62: 50 | E62: 55 | G62: 100000 | H62: 51667 | I62: 48333 | J62: 415974 | K62: 399826 | L62: 0.51667 | M62: 4.15974 | N62: 3.99826 | O62: 2.78856 | P62: 25.50474
A63: RF | B63: RNG20xERR20xARM20 | C63: 20 | D63: 20 | E63: 20 | G63: 100000 | H63: 48604 | I63: 51396 | J63: 413770 | K63: 427237 | L63: 0.48604 | M63: 4.1377 | N63: 4.27237 | O63: -2.1735 | P63: -18.90108
A64: RF | B64: RNG80xERR80xARM80 | C64: 80 | D64: 80 | E64: 80 | G64: 100000 | H64: 51843 | I64: 48157 | J64: 416817 | K64: 399004 | L64: 0.51843 | M64: 4.16817 | N64: 3.99004 | O64: 3.07368 | P64: 26.83638
... A89: LF | B89: RNG80xERR50xARM50 | C89: 80 | D89: 50 | E89: 50 | G89: 100000 | H89: 50813 | I89: 49187 | J89: 415310 | K89: 406822 | L89: 0.50813 | M89: 4.1531 | N89: 4.06822 | O89: 1.40508 | P89: 14.17122

Sheet Rating Scales
I1: Fastball | J1: Curve | K1: Sinker | L1: Splitter | M1: HRA | N1: Control | O1: PBABIP
H2: Baseline Pitcher | I2: 275 | J2: 290 | K2: 297 | L2: 304 | M2: 397 | N2: 398 | O2: 390
B5: Hitter Scale | C5: Fielding Scale | D5: HRA/CTRL/PBABIP | E5: Pitcher Min | F5: Pitcher Max | G5: Fastball
A6: 20 | B6: 75 | C6: 5 | D6: =AVERAGE(E6:F6) -> 75 | E6: 1 | F6: 149
A7: 25 | B7: 173 | C7: 17.5 | D7: =AVERAGE(E7:F7) -> 173 | E7: 150 | F7: 196
A8: 30 | B8: 222 | C8: 34 | D8: =AVERAGE(E8:F8) -> 222 | E8: 197 | F8: 247
A9: 35 | B9: 274 | C9: 51 | D9: =AVERAGE(E9:F9) -> 273 | E9: 248 | F9: 298
A10: 40 | B10: 325 | C10: 67.5 | D10: =AVERAGE(E10:F10) -> 324.5 | E10: 299 | F10: 350
A11: 45 | B11: 367 | C11: 84 | D11: =AVERAGE(E11:F11) -> 367.5 | E11: 351 | F11: 384
A12: 50 | B12: 397 | C12: 101 | D12: =AVERAGE(E12:F12) -> 397 | E12: 385 | F12: 409 | G12: =AVERAGE(H12:I12) -> 347.5 | H12: 335 | I12: 360
A13: 55 | B13: 418 | C13: 118 | D13: =AVERAGE(E13:F13) -> 418 | E13: 410 | F13: 426 | G13: =AVERAGE(H13:I13) -> 336 | H13: 321 | I13: 351
A14: 60 | B14: 435 | C14: 134.5 | D14: =AVERAGE(E14:F14) -> 434.5 | E14: 427 | F14: 442 | G14: =AVERAGE(H14:I14) -> 371.5 | H14: 355 | I14: 388
A15: 65 | B15: 451 | C15: 151 | D15: =AVERAGE(E15:F15) -> 451 | E15: 443 | F15: 459
A16: 70 | B16: 468 | C16: 167.5 | D16: =AVERAGE(E16:F16) -> 467.5 | E16: 460 | F16: 475
A17: 75 | B17: 484 | C17: 184 | D17: =AVERAGE(E17:F17) -> 484 | E17: 476 | F17: 492
A18: 80 | B18: 505 | C18: 196.5 | D18: =AVERAGE(E18:F18) -> 505.5 | E18: 493 | F18: 518
